<?xml version="1.0" encoding="UTF-8"?>
<gpx version="1.1" creator="drive-debrief" xmlns="http://www.topografix.com/GPX/1/1">
<trk><name>drive</name><trkseg>
<trkpt lat="51.4545000" lon="-2.5879000"><time>2026-03-02T08:15:00Z</time><speed>0.000</speed><course>90.00</course></trkpt>
<trkpt lat="51.4545000" lon="-2.5878989"><time>2026-03-02T08:15:00.200000Z</time><speed>0.387</speed><course>90.00</course></trkpt>
<trkpt lat="51.4545000" lon="-2.5878967"><time>2026-03-02T08:15:00.400000Z</time><speed>0.773</speed><course>90.00</course></trkpt>
<trkpt lat="51.4545000" lon="-2.5878933"><time>2026-03-02T08:15:00.600000Z</time><speed>1.160</speed><course>90.00</course></trkpt>
<trkpt lat="51.4545000" lon="-2.5878889"><time>2026-03-02T08:15:00.800000Z</time><speed>1.547</speed><course>90.00</course></trkpt>
<trkpt lat="51.4545000" lon="-2.5878833"><time>2026-03-02T08:15:01Z</time><speed>1.933</speed><course>90.00</course></trkpt>
<trkpt lat="51.4545000" lon="-2.5878766"><time>2026-03-02T08:15:01.200000Z</time><speed>2.320</speed><course>90.00</course></trkpt>
<trkpt lat="51.4545000" lon="-2.5878688"><time>2026-03-02T08:15:01.400000Z</time><speed>2.707</speed><course>90.00</course></trkpt>
<trkpt lat="51.4545000" lon="-2.5878599"><time>2026-03-02T08:15:01.600000Z</time><speed>3.093</speed><course>90.00</course></trkpt>
<trkpt lat="51.4545000" lon="-2.5878498"><time>2026-03-02T08:15:01.800000Z</time><speed>3.480</speed><course>90.00</course></trkpt>
<trkpt lat="51.4545000" lon="-2.5878387"><time>2026-03-02T08:15:02Z</time><speed>3.867</speed><course>90.00</course></trkpt>
<trkpt lat="51.4545000" lon="-2.5878264"><time>2026-03-02T08:15:02.200000Z</time><speed>4.253</speed><course>90.00</course></trkpt>
<trkpt lat="51.4545000" lon="-2.5878130"><time>2026-03-02T08:15:02.400000Z</time><speed>4.640</speed><course>90.00</course></trkpt>
<trkpt lat="51.4545000" lon="-2.5877985"><time>2026-03-02T08:15:02.600000Z</time><speed>5.027</speed><course>90.00</course></trkpt>
<trkpt lat="51.4545000" lon="-2.5877829"><time>2026-03-02T08:15:02.800000Z</time><speed>5.413</speed><course>90.00</course></trkpt>
<trkpt lat="51.4545000" lon="-2.5877662"><time>2026-03-02T08:15:03Z</time><speed>5.800</speed><course>90.00</course></trkpt>
<trkpt lat="51.4545000" lon="-2.5877484"><time>2026-03-02T08:15:03.200000Z</time><speed>6.187</speed><course>90.00</course></trkpt>
<trkpt lat="51.4545000" lon="-2.5877294"><time>2026-03-02T08:15:03.400000Z</time><speed>6.573</speed><course>90.00</course></trkpt>
<trkpt lat="51.4545000" lon="-2.5877094"><time>2026-03-02T08:15:03.600000Z</time><speed>6.960</speed><course>90.00</course></trkpt>
<trkpt lat="51.4545000" lon="-2.5876882"><time>2026-03-02T08:15:03.800000Z</time><speed>7.347</speed><course>90.00</course></trkpt>
<trkpt lat="51.4545000" lon="-2.5876659"><time>2026-03-02T08:15:04Z</time><speed>7.733</speed><course>90.00</course></trkpt>
<trkpt lat="51.4545000" lon="-2.5876425"><time>2026-03-02T08:15:04.200000Z</time><speed>8.120</speed><course>90.00</course></trkpt>
<trkpt lat="51.4545000" lon="-2.5876179"><time>2026-03-02T08:15:04.400000Z</time><speed>8.507</speed><course>90.00</course></trkpt>
<trkpt lat="51.4545000" lon="-2.5875923"><time>2026-03-02T08:15:04.600000Z</time><speed>8.893</speed><course>90.00</course></trkpt>
<trkpt lat="51.4545000" lon="-2.5875655"><time>2026-03-02T08:15:04.800000Z</time><speed>9.280</speed><course>90.00</course></trkpt>
<trkpt lat="51.4545000" lon="-2.5875377"><time>2026-03-02T08:15:05Z</time><speed>9.667</speed><course>90.00</course></trkpt>
<trkpt lat="51.4545000" lon="-2.5875087"><time>2026-03-02T08:15:05.200000Z</time><speed>10.053</speed><course>90.00</course></trkpt>
<trkpt lat="51.4545000" lon="-2.5874786"><time>2026-03-02T08:15:05.400000Z</time><speed>10.440</speed><course>90.00</course></trkpt>
<trkpt lat="51.4545000" lon="-2.5874474"><time>2026-03-02T08:15:05.600000Z</time><speed>10.827</speed><course>90.00</course></trkpt>
<trkpt lat="51.4545000" lon="-2.5874150"><time>2026-03-02T08:15:05.800000Z</time><speed>11.213</speed><course>90.00</course></trkpt>
<trkpt lat="51.4545000" lon="-2.5873816"><time>2026-03-02T08:15:06Z</time><speed>11.600</speed><course>90.00</course></trkpt>
<trkpt lat="51.4545000" lon="-2.5873470"><time>2026-03-02T08:15:06.200000Z</time><speed>11.987</speed><course>90.00</course></trkpt>
<trkpt lat="51.4545000" lon="-2.5873114"><time>2026-03-02T08:15:06.400000Z</time><speed>12.373</speed><course>90.00</course></trkpt>
<trkpt lat="51.4545000" lon="-2.5872746"><time>2026-03-02T08:15:06.600000Z</time><speed>12.760</speed><course>90.00</course></trkpt>
<trkpt lat="51.4545000" lon="-2.5872367"><time>2026-03-02T08:15:06.800000Z</time><speed>13.147</speed><course>90.00</course></trkpt>
<trkpt lat="51.4545000" lon="-2.5871977"><time>2026-03-02T08:15:07Z</time><speed>13.533</speed><course>90.00</course></trkpt>
<trkpt lat="51.4545000" lon="-2.5871575"><time>2026-03-02T08:15:07.200000Z</time><speed>13.920</speed><course>90.00</course></trkpt>
<trkpt lat="51.4545000" lon="-2.5871163"><time>2026-03-02T08:15:07.400000Z</time><speed>14.307</speed><course>90.00</course></trkpt>
<trkpt lat="51.4545000" lon="-2.5870739"><time>2026-03-02T08:15:07.600000Z</time><speed>14.693</speed><course>90.00</course></trkpt>
<trkpt lat="51.4545000" lon="-2.5870304"><time>2026-03-02T08:15:07.800000Z</time><speed>15.080</speed><course>90.00</course></trkpt>
<trkpt lat="51.4545000" lon="-2.5869858"><time>2026-03-02T08:15:08Z</time><speed>15.467</speed><course>90.00</course></trkpt>
<trkpt lat="51.4545000" lon="-2.5869401"><time>2026-03-02T08:15:08.200000Z</time><speed>15.853</speed><course>90.00</course></trkpt>
<trkpt lat="51.4545000" lon="-2.5868933"><time>2026-03-02T08:15:08.400000Z</time><speed>16.240</speed><course>90.00</course></trkpt>
<trkpt lat="51.4545000" lon="-2.5868454"><time>2026-03-02T08:15:08.600000Z</time><speed>16.627</speed><course>90.00</course></trkpt>
<trkpt lat="51.4545000" lon="-2.5867963"><time>2026-03-02T08:15:08.800000Z</time><speed>17.013</speed><course>90.00</course></trkpt>
<trkpt lat="51.4545000" lon="-2.5867461"><time>2026-03-02T08:15:09Z</time><speed>17.400</speed><course>90.00</course></trkpt>
<trkpt lat="51.4545000" lon="-2.5866949"><time>2026-03-02T08:15:09.200000Z</time><speed>17.787</speed><course>90.00</course></trkpt>
<trkpt lat="51.4545000" lon="-2.5866425"><time>2026-03-02T08:15:09.400000Z</time><speed>18.173</speed><course>90.00</course></trkpt>
<trkpt lat="51.4545000" lon="-2.5865890"><time>2026-03-02T08:15:09.600000Z</time><speed>18.560</speed><course>90.00</course></trkpt>
<trkpt lat="51.4545000" lon="-2.5865343"><time>2026-03-02T08:15:09.800000Z</time><speed>18.947</speed><course>90.00</course></trkpt>
<trkpt lat="51.4545000" lon="-2.5864786"><time>2026-03-02T08:15:10Z</time><speed>19.333</speed><course>90.00</course></trkpt>
<trkpt lat="51.4545000" lon="-2.5864217"><time>2026-03-02T08:15:10.200000Z</time><speed>19.720</speed><course>90.00</course></trkpt>
<trkpt lat="51.4545000" lon="-2.5863638"><time>2026-03-02T08:15:10.400000Z</time><speed>20.107</speed><course>90.00</course></trkpt>
<trkpt lat="51.4545000" lon="-2.5863047"><time>2026-03-02T08:15:10.600000Z</time><speed>20.493</speed><course>90.00</course></trkpt>
<trkpt lat="51.4545000" lon="-2.5862445"><time>2026-03-02T08:15:10.800000Z</time><speed>20.880</speed><course>90.00</course></trkpt>
<trkpt lat="51.4545000" lon="-2.5861832"><time>2026-03-02T08:15:11Z</time><speed>21.267</speed><course>90.00</course></trkpt>
<trkpt lat="51.4545000" lon="-2.5861207"><time>2026-03-02T08:15:11.200000Z</time><speed>21.653</speed><course>90.00</course></trkpt>
<trkpt lat="51.4545000" lon="-2.5860572"><time>2026-03-02T08:15:11.400000Z</time><speed>22.040</speed><course>90.00</course></trkpt>
<trkpt lat="51.4545000" lon="-2.5859925"><time>2026-03-02T08:15:11.600000Z</time><speed>22.427</speed><course>90.00</course></trkpt>
<trkpt lat="51.4545000" lon="-2.5859267"><time>2026-03-02T08:15:11.800000Z</time><speed>22.813</speed><course>90.00</course></trkpt>
<trkpt lat="51.4545000" lon="-2.5858599"><time>2026-03-02T08:15:12Z</time><speed>23.200</speed><course>90.00</course></trkpt>
<trkpt lat="51.4545000" lon="-2.5857918"><time>2026-03-02T08:15:12.200000Z</time><speed>23.587</speed><course>90.00</course></trkpt>
<trkpt lat="51.4545000" lon="-2.5857227"><time>2026-03-02T08:15:12.400000Z</time><speed>23.973</speed><course>90.00</course></trkpt>
<trkpt lat="51.4545000" lon="-2.5856525"><time>2026-03-02T08:15:12.600000Z</time><speed>24.360</speed><course>90.00</course></trkpt>
<trkpt lat="51.4545000" lon="-2.5855811"><time>2026-03-02T08:15:12.800000Z</time><speed>24.747</speed><course>90.00</course></trkpt>
<trkpt lat="51.4545000" lon="-2.5855087"><time>2026-03-02T08:15:13Z</time><speed>25.133</speed><course>90.00</course></trkpt>
<trkpt lat="51.4545000" lon="-2.5854351"><time>2026-03-02T08:15:13.200000Z</time><speed>25.520</speed><course>90.00</course></trkpt>
<trkpt lat="51.4545000" lon="-2.5853604"><time>2026-03-02T08:15:13.400000Z</time><speed>25.907</speed><course>90.00</course></trkpt>
<trkpt lat="51.4545000" lon="-2.5852846"><time>2026-03-02T08:15:13.600000Z</time><speed>26.293</speed><course>90.00</course></trkpt>
<trkpt lat="51.4545000" lon="-2.5852077"><time>2026-03-02T08:15:13.800000Z</time><speed>26.680</speed><course>90.00</course></trkpt>
<trkpt lat="51.4545000" lon="-2.5851296"><time>2026-03-02T08:15:14Z</time><speed>27.067</speed><course>90.00</course></trkpt>
<trkpt lat="51.4545000" lon="-2.5850505"><time>2026-03-02T08:15:14.200000Z</time><speed>27.453</speed><course>90.00</course></trkpt>
<trkpt lat="51.4545000" lon="-2.5849702"><time>2026-03-02T08:15:14.400000Z</time><speed>27.840</speed><course>90.00</course></trkpt>
<trkpt lat="51.4545000" lon="-2.5848888"><time>2026-03-02T08:15:14.600000Z</time><speed>28.227</speed><course>90.00</course></trkpt>
<trkpt lat="51.4545000" lon="-2.5848063"><time>2026-03-02T08:15:14.800000Z</time><speed>28.613</speed><course>90.00</course></trkpt>
<trkpt lat="51.4545000" lon="-2.5847227"><time>2026-03-02T08:15:15Z</time><speed>29.000</speed><course>90.00</course></trkpt>
<trkpt lat="51.4545000" lon="-2.5846391"><time>2026-03-02T08:15:15.200000Z</time><speed>29.000</speed><course>90.00</course></trkpt>
<trkpt lat="51.4545000" lon="-2.5845555"><time>2026-03-02T08:15:15.400000Z</time><speed>29.000</speed><course>90.00</course></trkpt>
<trkpt lat="51.4545000" lon="-2.5844719"><time>2026-03-02T08:15:15.600000Z</time><speed>29.000</speed><course>90.00</course></trkpt>
<trkpt lat="51.4545000" lon="-2.5843883"><time>2026-03-02T08:15:15.800000Z</time><speed>29.000</speed><course>90.00</course></trkpt>
<trkpt lat="51.4545000" lon="-2.5843047"><time>2026-03-02T08:15:16Z</time><speed>29.000</speed><course>90.00</course></trkpt>
<trkpt lat="51.4545000" lon="-2.5842210"><time>2026-03-02T08:15:16.200000Z</time><speed>29.000</speed><course>90.00</course></trkpt>
<trkpt lat="51.4545000" lon="-2.5841374"><time>2026-03-02T08:15:16.400000Z</time><speed>29.000</speed><course>90.00</course></trkpt>
<trkpt lat="51.4545000" lon="-2.5840538"><time>2026-03-02T08:15:16.600000Z</time><speed>29.000</speed><course>90.00</course></trkpt>
<trkpt lat="51.4545000" lon="-2.5839702"><time>2026-03-02T08:15:16.800000Z</time><speed>29.000</speed><course>90.00</course></trkpt>
<trkpt lat="51.4545000" lon="-2.5838866"><time>2026-03-02T08:15:17Z</time><speed>29.000</speed><course>90.00</course></trkpt>
<trkpt lat="51.4545000" lon="-2.5838030"><time>2026-03-02T08:15:17.200000Z</time><speed>29.000</speed><course>90.00</course></trkpt>
<trkpt lat="51.4545000" lon="-2.5837194"><time>2026-03-02T08:15:17.400000Z</time><speed>29.000</speed><course>90.00</course></trkpt>
<trkpt lat="51.4545000" lon="-2.5836358"><time>2026-03-02T08:15:17.600000Z</time><speed>29.000</speed><course>90.00</course></trkpt>
<trkpt lat="51.4545000" lon="-2.5835521"><time>2026-03-02T08:15:17.800000Z</time><speed>29.000</speed><course>90.00</course></trkpt>
<trkpt lat="51.4545000" lon="-2.5834685"><time>2026-03-02T08:15:18Z</time><speed>29.000</speed><course>90.00</course></trkpt>
<trkpt lat="51.4545000" lon="-2.5833849"><time>2026-03-02T08:15:18.200000Z</time><speed>29.000</speed><course>90.00</course></trkpt>
<trkpt lat="51.4545000" lon="-2.5833013"><time>2026-03-02T08:15:18.400000Z</time><speed>29.000</speed><course>90.00</course></trkpt>
<trkpt lat="51.4545000" lon="-2.5832177"><time>2026-03-02T08:15:18.600000Z</time><speed>29.000</speed><course>90.00</course></trkpt>
<trkpt lat="51.4545000" lon="-2.5831341"><time>2026-03-02T08:15:18.800000Z</time><speed>29.000</speed><course>90.00</course></trkpt>
<trkpt lat="51.4545000" lon="-2.5830505"><time>2026-03-02T08:15:19Z</time><speed>29.000</speed><course>90.00</course></trkpt>
<trkpt lat="51.4545000" lon="-2.5829669"><time>2026-03-02T08:15:19.200000Z</time><speed>29.000</speed><course>90.00</course></trkpt>
<trkpt lat="51.4545000" lon="-2.5828832"><time>2026-03-02T08:15:19.400000Z</time><speed>29.000</speed><course>90.00</course></trkpt>
<trkpt lat="51.4545000" lon="-2.5827996"><time>2026-03-02T08:15:19.600000Z</time><speed>29.000</speed><course>90.00</course></trkpt>
<trkpt lat="51.4545000" lon="-2.5827160"><time>2026-03-02T08:15:19.800000Z</time><speed>29.000</speed><course>90.00</course></trkpt>
<trkpt lat="51.4545000" lon="-2.5826324"><time>2026-03-02T08:15:20Z</time><speed>29.000</speed><course>90.00</course></trkpt>
<trkpt lat="51.4545000" lon="-2.5825488"><time>2026-03-02T08:15:20.200000Z</time><speed>29.000</speed><course>90.00</course></trkpt>
<trkpt lat="51.4545000" lon="-2.5824652"><time>2026-03-02T08:15:20.400000Z</time><speed>29.000</speed><course>90.00</course></trkpt>
<trkpt lat="51.4545000" lon="-2.5823816"><time>2026-03-02T08:15:20.600000Z</time><speed>29.000</speed><course>90.00</course></trkpt>
<trkpt lat="51.4545000" lon="-2.5822980"><time>2026-03-02T08:15:20.800000Z</time><speed>29.000</speed><course>90.00</course></trkpt>
<trkpt lat="51.4545000" lon="-2.5822143"><time>2026-03-02T08:15:21Z</time><speed>29.000</speed><course>90.00</course></trkpt>
<trkpt lat="51.4545000" lon="-2.5821307"><time>2026-03-02T08:15:21.200000Z</time><speed>29.000</speed><course>90.00</course></trkpt>
<trkpt lat="51.4545000" lon="-2.5820471"><time>2026-03-02T08:15:21.400000Z</time><speed>29.000</speed><course>90.00</course></trkpt>
<trkpt lat="51.4545000" lon="-2.5819635"><time>2026-03-02T08:15:21.600000Z</time><speed>29.000</speed><course>90.00</course></trkpt>
<trkpt lat="51.4545000" lon="-2.5818799"><time>2026-03-02T08:15:21.800000Z</time><speed>29.000</speed><course>90.00</course></trkpt>
<trkpt lat="51.4545000" lon="-2.5817963"><time>2026-03-02T08:15:22Z</time><speed>29.000</speed><course>90.00</course></trkpt>
<trkpt lat="51.4545000" lon="-2.5817127"><time>2026-03-02T08:15:22.200000Z</time><speed>29.000</speed><course>90.00</course></trkpt>
<trkpt lat="51.4545000" lon="-2.5816291"><time>2026-03-02T08:15:22.400000Z</time><speed>29.000</speed><course>90.00</course></trkpt>
<trkpt lat="51.4545000" lon="-2.5815454"><time>2026-03-02T08:15:22.600000Z</time><speed>29.000</speed><course>90.00</course></trkpt>
<trkpt lat="51.4545000" lon="-2.5814618"><time>2026-03-02T08:15:22.800000Z</time><speed>29.000</speed><course>90.00</course></trkpt>
<trkpt lat="51.4545000" lon="-2.5813782"><time>2026-03-02T08:15:23Z</time><speed>29.000</speed><course>90.00</course></trkpt>
<trkpt lat="51.4545000" lon="-2.5812946"><time>2026-03-02T08:15:23.200000Z</time><speed>29.000</speed><course>90.00</course></trkpt>
<trkpt lat="51.4545000" lon="-2.5812110"><time>2026-03-02T08:15:23.400000Z</time><speed>29.000</speed><course>90.00</course></trkpt>
<trkpt lat="51.4545000" lon="-2.5811274"><time>2026-03-02T08:15:23.600000Z</time><speed>29.000</speed><course>90.00</course></trkpt>
<trkpt lat="51.4545000" lon="-2.5810438"><time>2026-03-02T08:15:23.800000Z</time><speed>29.000</speed><course>90.00</course></trkpt>
<trkpt lat="51.4545000" lon="-2.5809601"><time>2026-03-02T08:15:24Z</time><speed>29.000</speed><course>90.00</course></trkpt>
<trkpt lat="51.4545000" lon="-2.5808765"><time>2026-03-02T08:15:24.200000Z</time><speed>29.000</speed><course>90.00</course></trkpt>
<trkpt lat="51.4545000" lon="-2.5807929"><time>2026-03-02T08:15:24.400000Z</time><speed>29.000</speed><course>90.00</course></trkpt>
<trkpt lat="51.4545000" lon="-2.5807093"><time>2026-03-02T08:15:24.600000Z</time><speed>29.000</speed><course>90.00</course></trkpt>
<trkpt lat="51.4545000" lon="-2.5806257"><time>2026-03-02T08:15:24.800000Z</time><speed>29.000</speed><course>90.00</course></trkpt>
<trkpt lat="51.4545000" lon="-2.5805421"><time>2026-03-02T08:15:25Z</time><speed>29.000</speed><course>90.00</course></trkpt>
<trkpt lat="51.4545000" lon="-2.5804585"><time>2026-03-02T08:15:25.200000Z</time><speed>29.000</speed><course>90.00</course></trkpt>
<trkpt lat="51.4545000" lon="-2.5803749"><time>2026-03-02T08:15:25.400000Z</time><speed>29.000</speed><course>90.00</course></trkpt>
<trkpt lat="51.4545000" lon="-2.5802912"><time>2026-03-02T08:15:25.600000Z</time><speed>29.000</speed><course>90.00</course></trkpt>
<trkpt lat="51.4545000" lon="-2.5802076"><time>2026-03-02T08:15:25.800000Z</time><speed>29.000</speed><course>90.00</course></trkpt>
<trkpt lat="51.4545000" lon="-2.5801240"><time>2026-03-02T08:15:26Z</time><speed>29.000</speed><course>90.00</course></trkpt>
<trkpt lat="51.4545000" lon="-2.5800404"><time>2026-03-02T08:15:26.200000Z</time><speed>29.000</speed><course>90.00</course></trkpt>
<trkpt lat="51.4545000" lon="-2.5799568"><time>2026-03-02T08:15:26.400000Z</time><speed>29.000</speed><course>90.00</course></trkpt>
<trkpt lat="51.4545000" lon="-2.5798732"><time>2026-03-02T08:15:26.600000Z</time><speed>29.000</speed><course>90.00</course></trkpt>
<trkpt lat="51.4545000" lon="-2.5797896"><time>2026-03-02T08:15:26.800000Z</time><speed>29.000</speed><course>90.00</course></trkpt>
<trkpt lat="51.4545000" lon="-2.5797060"><time>2026-03-02T08:15:27Z</time><speed>29.000</speed><course>90.00</course></trkpt>
<trkpt lat="51.4545000" lon="-2.5796223"><time>2026-03-02T08:15:27.200000Z</time><speed>29.000</speed><course>90.00</course></trkpt>
<trkpt lat="51.4545000" lon="-2.5795387"><time>2026-03-02T08:15:27.400000Z</time><speed>29.000</speed><course>90.00</course></trkpt>
<trkpt lat="51.4545000" lon="-2.5794551"><time>2026-03-02T08:15:27.600000Z</time><speed>29.000</speed><course>90.00</course></trkpt>
<trkpt lat="51.4545000" lon="-2.5793715"><time>2026-03-02T08:15:27.800000Z</time><speed>29.000</speed><course>90.00</course></trkpt>
<trkpt lat="51.4545000" lon="-2.5792879"><time>2026-03-02T08:15:28Z</time><speed>29.000</speed><course>90.00</course></trkpt>
<trkpt lat="51.4545000" lon="-2.5792043"><time>2026-03-02T08:15:28.200000Z</time><speed>29.000</speed><course>90.00</course></trkpt>
<trkpt lat="51.4545000" lon="-2.5791207"><time>2026-03-02T08:15:28.400000Z</time><speed>29.000</speed><course>90.00</course></trkpt>
<trkpt lat="51.4545000" lon="-2.5790371"><time>2026-03-02T08:15:28.600000Z</time><speed>29.000</speed><course>90.00</course></trkpt>
<trkpt lat="51.4545000" lon="-2.5789534"><time>2026-03-02T08:15:28.800000Z</time><speed>29.000</speed><course>90.00</course></trkpt>
<trkpt lat="51.4545000" lon="-2.5788698"><time>2026-03-02T08:15:29Z</time><speed>29.000</speed><course>90.00</course></trkpt>
<trkpt lat="51.4545000" lon="-2.5787862"><time>2026-03-02T08:15:29.200000Z</time><speed>29.000</speed><course>90.00</course></trkpt>
<trkpt lat="51.4545000" lon="-2.5787026"><time>2026-03-02T08:15:29.400000Z</time><speed>29.000</speed><course>90.00</course></trkpt>
<trkpt lat="51.4545000" lon="-2.5786190"><time>2026-03-02T08:15:29.600000Z</time><speed>29.000</speed><course>90.00</course></trkpt>
<trkpt lat="51.4545000" lon="-2.5785354"><time>2026-03-02T08:15:29.800000Z</time><speed>29.000</speed><course>90.00</course></trkpt>
<trkpt lat="51.4545000" lon="-2.5784518"><time>2026-03-02T08:15:30Z</time><speed>29.000</speed><course>90.00</course></trkpt>
<trkpt lat="51.4545000" lon="-2.5783682"><time>2026-03-02T08:15:30.200000Z</time><speed>29.000</speed><course>90.00</course></trkpt>
<trkpt lat="51.4545000" lon="-2.5782845"><time>2026-03-02T08:15:30.400000Z</time><speed>29.000</speed><course>90.00</course></trkpt>
<trkpt lat="51.4545000" lon="-2.5782009"><time>2026-03-02T08:15:30.600000Z</time><speed>29.000</speed><course>90.00</course></trkpt>
<trkpt lat="51.4545000" lon="-2.5781173"><time>2026-03-02T08:15:30.800000Z</time><speed>29.000</speed><course>90.00</course></trkpt>
<trkpt lat="51.4545000" lon="-2.5780337"><time>2026-03-02T08:15:31Z</time><speed>29.000</speed><course>90.00</course></trkpt>
<trkpt lat="51.4545000" lon="-2.5779501"><time>2026-03-02T08:15:31.200000Z</time><speed>29.000</speed><course>90.00</course></trkpt>
<trkpt lat="51.4545000" lon="-2.5778665"><time>2026-03-02T08:15:31.400000Z</time><speed>29.000</speed><course>90.00</course></trkpt>
<trkpt lat="51.4545000" lon="-2.5777829"><time>2026-03-02T08:15:31.600000Z</time><speed>29.000</speed><course>90.00</course></trkpt>
<trkpt lat="51.4545000" lon="-2.5776993"><time>2026-03-02T08:15:31.800000Z</time><speed>29.000</speed><course>90.00</course></trkpt>
<trkpt lat="51.4545000" lon="-2.5776156"><time>2026-03-02T08:15:32Z</time><speed>29.000</speed><course>90.00</course></trkpt>
<trkpt lat="51.4545000" lon="-2.5775320"><time>2026-03-02T08:15:32.200000Z</time><speed>29.000</speed><course>90.00</course></trkpt>
<trkpt lat="51.4545000" lon="-2.5774484"><time>2026-03-02T08:15:32.400000Z</time><speed>29.000</speed><course>90.00</course></trkpt>
<trkpt lat="51.4545000" lon="-2.5773648"><time>2026-03-02T08:15:32.600000Z</time><speed>29.000</speed><course>90.00</course></trkpt>
<trkpt lat="51.4545000" lon="-2.5772812"><time>2026-03-02T08:15:32.800000Z</time><speed>29.000</speed><course>90.00</course></trkpt>
<trkpt lat="51.4545000" lon="-2.5771976"><time>2026-03-02T08:15:33Z</time><speed>29.000</speed><course>90.00</course></trkpt>
<trkpt lat="51.4545000" lon="-2.5771140"><time>2026-03-02T08:15:33.200000Z</time><speed>29.000</speed><course>90.00</course></trkpt>
<trkpt lat="51.4545000" lon="-2.5770304"><time>2026-03-02T08:15:33.400000Z</time><speed>29.000</speed><course>90.00</course></trkpt>
<trkpt lat="51.4545000" lon="-2.5769467"><time>2026-03-02T08:15:33.600000Z</time><speed>29.000</speed><course>90.00</course></trkpt>
<trkpt lat="51.4545000" lon="-2.5768631"><time>2026-03-02T08:15:33.800000Z</time><speed>29.000</speed><course>90.00</course></trkpt>
<trkpt lat="51.4545000" lon="-2.5767795"><time>2026-03-02T08:15:34Z</time><speed>29.000</speed><course>90.00</course></trkpt>
<trkpt lat="51.4545000" lon="-2.5766959"><time>2026-03-02T08:15:34.200000Z</time><speed>29.000</speed><course>90.00</course></trkpt>
<trkpt lat="51.4545000" lon="-2.5766123"><time>2026-03-02T08:15:34.400000Z</time><speed>29.000</speed><course>90.00</course></trkpt>
<trkpt lat="51.4545000" lon="-2.5765287"><time>2026-03-02T08:15:34.600000Z</time><speed>29.000</speed><course>90.00</course></trkpt>
<trkpt lat="51.4545000" lon="-2.5764451"><time>2026-03-02T08:15:34.800000Z</time><speed>29.000</speed><course>90.00</course></trkpt>
<trkpt lat="51.4545000" lon="-2.5763615"><time>2026-03-02T08:15:35Z</time><speed>29.000</speed><course>90.00</course></trkpt>
<trkpt lat="51.4545000" lon="-2.5762778"><time>2026-03-02T08:15:35.200000Z</time><speed>29.000</speed><course>90.00</course></trkpt>
<trkpt lat="51.4545000" lon="-2.5761942"><time>2026-03-02T08:15:35.400000Z</time><speed>29.000</speed><course>90.00</course></trkpt>
<trkpt lat="51.4545000" lon="-2.5761106"><time>2026-03-02T08:15:35.600000Z</time><speed>29.000</speed><course>90.00</course></trkpt>
<trkpt lat="51.4545000" lon="-2.5760270"><time>2026-03-02T08:15:35.800000Z</time><speed>29.000</speed><course>90.00</course></trkpt>
<trkpt lat="51.4545000" lon="-2.5759434"><time>2026-03-02T08:15:36Z</time><speed>29.000</speed><course>90.00</course></trkpt>
<trkpt lat="51.4545000" lon="-2.5758598"><time>2026-03-02T08:15:36.200000Z</time><speed>29.000</speed><course>90.00</course></trkpt>
<trkpt lat="51.4545000" lon="-2.5757762"><time>2026-03-02T08:15:36.400000Z</time><speed>29.000</speed><course>90.00</course></trkpt>
<trkpt lat="51.4545000" lon="-2.5756926"><time>2026-03-02T08:15:36.600000Z</time><speed>29.000</speed><course>90.00</course></trkpt>
<trkpt lat="51.4545000" lon="-2.5756089"><time>2026-03-02T08:15:36.800000Z</time><speed>29.000</speed><course>90.00</course></trkpt>
<trkpt lat="51.4545000" lon="-2.5755253"><time>2026-03-02T08:15:37Z</time><speed>29.000</speed><course>90.00</course></trkpt>
<trkpt lat="51.4545000" lon="-2.5754417"><time>2026-03-02T08:15:37.200000Z</time><speed>29.000</speed><course>90.00</course></trkpt>
<trkpt lat="51.4545000" lon="-2.5753581"><time>2026-03-02T08:15:37.400000Z</time><speed>29.000</speed><course>90.00</course></trkpt>
<trkpt lat="51.4545000" lon="-2.5752745"><time>2026-03-02T08:15:37.600000Z</time><speed>29.000</speed><course>90.00</course></trkpt>
<trkpt lat="51.4545000" lon="-2.5751909"><time>2026-03-02T08:15:37.800000Z</time><speed>29.000</speed><course>90.00</course></trkpt>
<trkpt lat="51.4545000" lon="-2.5751073"><time>2026-03-02T08:15:38Z</time><speed>29.000</speed><course>90.00</course></trkpt>
<trkpt lat="51.4545000" lon="-2.5750237"><time>2026-03-02T08:15:38.200000Z</time><speed>29.000</speed><course>90.00</course></trkpt>
<trkpt lat="51.4545000" lon="-2.5749400"><time>2026-03-02T08:15:38.400000Z</time><speed>29.000</speed><course>90.00</course></trkpt>
<trkpt lat="51.4545000" lon="-2.5748564"><time>2026-03-02T08:15:38.600000Z</time><speed>29.000</speed><course>90.00</course></trkpt>
<trkpt lat="51.4545000" lon="-2.5747728"><time>2026-03-02T08:15:38.800000Z</time><speed>29.000</speed><course>90.00</course></trkpt>
<trkpt lat="51.4545000" lon="-2.5746892"><time>2026-03-02T08:15:39Z</time><speed>29.000</speed><course>90.00</course></trkpt>
<trkpt lat="51.4545000" lon="-2.5746056"><time>2026-03-02T08:15:39.200000Z</time><speed>29.000</speed><course>90.00</course></trkpt>
<trkpt lat="51.4545000" lon="-2.5745220"><time>2026-03-02T08:15:39.400000Z</time><speed>29.000</speed><course>90.00</course></trkpt>
<trkpt lat="51.4545000" lon="-2.5744384"><time>2026-03-02T08:15:39.600000Z</time><speed>29.000</speed><course>90.00</course></trkpt>
<trkpt lat="51.4545000" lon="-2.5743548"><time>2026-03-02T08:15:39.800000Z</time><speed>29.000</speed><course>90.00</course></trkpt>
<trkpt lat="51.4545000" lon="-2.5742711"><time>2026-03-02T08:15:40Z</time><speed>29.000</speed><course>90.00</course></trkpt>
<trkpt lat="51.4545000" lon="-2.5741875"><time>2026-03-02T08:15:40.200000Z</time><speed>29.000</speed><course>90.00</course></trkpt>
<trkpt lat="51.4545000" lon="-2.5741039"><time>2026-03-02T08:15:40.400000Z</time><speed>29.000</speed><course>90.00</course></trkpt>
<trkpt lat="51.4545000" lon="-2.5740203"><time>2026-03-02T08:15:40.600000Z</time><speed>29.000</speed><course>90.00</course></trkpt>
<trkpt lat="51.4545000" lon="-2.5739367"><time>2026-03-02T08:15:40.800000Z</time><speed>29.000</speed><course>90.00</course></trkpt>
<trkpt lat="51.4545000" lon="-2.5738531"><time>2026-03-02T08:15:41Z</time><speed>29.000</speed><course>90.00</course></trkpt>
<trkpt lat="51.4545000" lon="-2.5737695"><time>2026-03-02T08:15:41.200000Z</time><speed>29.000</speed><course>90.00</course></trkpt>
<trkpt lat="51.4545000" lon="-2.5736858"><time>2026-03-02T08:15:41.400000Z</time><speed>29.000</speed><course>90.00</course></trkpt>
<trkpt lat="51.4545000" lon="-2.5736022"><time>2026-03-02T08:15:41.600000Z</time><speed>29.000</speed><course>90.00</course></trkpt>
<trkpt lat="51.4545000" lon="-2.5735186"><time>2026-03-02T08:15:41.800000Z</time><speed>29.000</speed><course>90.00</course></trkpt>
<trkpt lat="51.4545000" lon="-2.5734350"><time>2026-03-02T08:15:42Z</time><speed>29.000</speed><course>90.00</course></trkpt>
<trkpt lat="51.4545000" lon="-2.5733514"><time>2026-03-02T08:15:42.200000Z</time><speed>29.000</speed><course>90.00</course></trkpt>
<trkpt lat="51.4545000" lon="-2.5732678"><time>2026-03-02T08:15:42.400000Z</time><speed>29.000</speed><course>90.00</course></trkpt>
<trkpt lat="51.4545000" lon="-2.5731842"><time>2026-03-02T08:15:42.600000Z</time><speed>29.000</speed><course>90.00</course></trkpt>
<trkpt lat="51.4545000" lon="-2.5731006"><time>2026-03-02T08:15:42.800000Z</time><speed>29.000</speed><course>90.00</course></trkpt>
<trkpt lat="51.4545000" lon="-2.5730169"><time>2026-03-02T08:15:43Z</time><speed>29.000</speed><course>90.00</course></trkpt>
<trkpt lat="51.4545000" lon="-2.5729333"><time>2026-03-02T08:15:43.200000Z</time><speed>29.000</speed><course>90.00</course></trkpt>
<trkpt lat="51.4545000" lon="-2.5728497"><time>2026-03-02T08:15:43.400000Z</time><speed>29.000</speed><course>90.00</course></trkpt>
<trkpt lat="51.4545000" lon="-2.5727661"><time>2026-03-02T08:15:43.600000Z</time><speed>29.000</speed><course>90.00</course></trkpt>
<trkpt lat="51.4545000" lon="-2.5726825"><time>2026-03-02T08:15:43.800000Z</time><speed>29.000</speed><course>90.00</course></trkpt>
<trkpt lat="51.4545000" lon="-2.5725989"><time>2026-03-02T08:15:44Z</time><speed>29.000</speed><course>90.00</course></trkpt>
<trkpt lat="51.4545000" lon="-2.5725153"><time>2026-03-02T08:15:44.200000Z</time><speed>29.000</speed><course>90.00</course></trkpt>
<trkpt lat="51.4545000" lon="-2.5724317"><time>2026-03-02T08:15:44.400000Z</time><speed>29.000</speed><course>90.00</course></trkpt>
<trkpt lat="51.4545000" lon="-2.5723480"><time>2026-03-02T08:15:44.600000Z</time><speed>29.000</speed><course>90.00</course></trkpt>
<trkpt lat="51.4545000" lon="-2.5722644"><time>2026-03-02T08:15:44.800000Z</time><speed>29.000</speed><course>90.00</course></trkpt>
<trkpt lat="51.4545000" lon="-2.5721808"><time>2026-03-02T08:15:45Z</time><speed>29.000</speed><course>90.00</course></trkpt>
<trkpt lat="51.4545000" lon="-2.5720972"><time>2026-03-02T08:15:45.200000Z</time><speed>29.000</speed><course>90.00</course></trkpt>
<trkpt lat="51.4545000" lon="-2.5720136"><time>2026-03-02T08:15:45.400000Z</time><speed>29.000</speed><course>90.00</course></trkpt>
<trkpt lat="51.4545000" lon="-2.5719300"><time>2026-03-02T08:15:45.600000Z</time><speed>29.000</speed><course>90.00</course></trkpt>
<trkpt lat="51.4545000" lon="-2.5718464"><time>2026-03-02T08:15:45.800000Z</time><speed>29.000</speed><course>90.00</course></trkpt>
<trkpt lat="51.4545000" lon="-2.5717628"><time>2026-03-02T08:15:46Z</time><speed>29.000</speed><course>90.00</course></trkpt>
<trkpt lat="51.4545000" lon="-2.5716791"><time>2026-03-02T08:15:46.200000Z</time><speed>29.000</speed><course>90.00</course></trkpt>
<trkpt lat="51.4545000" lon="-2.5715955"><time>2026-03-02T08:15:46.400000Z</time><speed>29.000</speed><course>90.00</course></trkpt>
<trkpt lat="51.4545000" lon="-2.5715119"><time>2026-03-02T08:15:46.600000Z</time><speed>29.000</speed><course>90.00</course></trkpt>
<trkpt lat="51.4545000" lon="-2.5714283"><time>2026-03-02T08:15:46.800000Z</time><speed>29.000</speed><course>90.00</course></trkpt>
<trkpt lat="51.4545000" lon="-2.5713447"><time>2026-03-02T08:15:47Z</time><speed>29.000</speed><course>90.00</course></trkpt>
<trkpt lat="51.4545000" lon="-2.5712611"><time>2026-03-02T08:15:47.200000Z</time><speed>29.000</speed><course>90.00</course></trkpt>
<trkpt lat="51.4545000" lon="-2.5711775"><time>2026-03-02T08:15:47.400000Z</time><speed>29.000</speed><course>90.00</course></trkpt>
<trkpt lat="51.4545000" lon="-2.5710939"><time>2026-03-02T08:15:47.600000Z</time><speed>29.000</speed><course>90.00</course></trkpt>
<trkpt lat="51.4545000" lon="-2.5710102"><time>2026-03-02T08:15:47.800000Z</time><speed>29.000</speed><course>90.00</course></trkpt>
<trkpt lat="51.4545000" lon="-2.5709266"><time>2026-03-02T08:15:48Z</time><speed>29.000</speed><course>90.00</course></trkpt>
<trkpt lat="51.4545000" lon="-2.5708430"><time>2026-03-02T08:15:48.200000Z</time><speed>29.000</speed><course>90.00</course></trkpt>
<trkpt lat="51.4545000" lon="-2.5707594"><time>2026-03-02T08:15:48.400000Z</time><speed>29.000</speed><course>90.00</course></trkpt>
<trkpt lat="51.4545000" lon="-2.5706758"><time>2026-03-02T08:15:48.600000Z</time><speed>29.000</speed><course>90.00</course></trkpt>
<trkpt lat="51.4545000" lon="-2.5705922"><time>2026-03-02T08:15:48.800000Z</time><speed>29.000</speed><course>90.00</course></trkpt>
<trkpt lat="51.4545000" lon="-2.5705086"><time>2026-03-02T08:15:49Z</time><speed>29.000</speed><course>90.00</course></trkpt>
<trkpt lat="51.4545000" lon="-2.5704250"><time>2026-03-02T08:15:49.200000Z</time><speed>29.000</speed><course>90.00</course></trkpt>
<trkpt lat="51.4545000" lon="-2.5703413"><time>2026-03-02T08:15:49.400000Z</time><speed>29.000</speed><course>90.00</course></trkpt>
<trkpt lat="51.4545000" lon="-2.5702577"><time>2026-03-02T08:15:49.600000Z</time><speed>29.000</speed><course>90.00</course></trkpt>
<trkpt lat="51.4545000" lon="-2.5701741"><time>2026-03-02T08:15:49.800000Z</time><speed>29.000</speed><course>90.00</course></trkpt>
<trkpt lat="51.4545000" lon="-2.5700905"><time>2026-03-02T08:15:50Z</time><speed>29.000</speed><course>90.00</course></trkpt>
<trkpt lat="51.4545000" lon="-2.5700069"><time>2026-03-02T08:15:50.200000Z</time><speed>29.000</speed><course>90.00</course></trkpt>
<trkpt lat="51.4545000" lon="-2.5699233"><time>2026-03-02T08:15:50.400000Z</time><speed>29.000</speed><course>90.00</course></trkpt>
<trkpt lat="51.4545000" lon="-2.5698397"><time>2026-03-02T08:15:50.600000Z</time><speed>29.000</speed><course>90.00</course></trkpt>
<trkpt lat="51.4545000" lon="-2.5697561"><time>2026-03-02T08:15:50.800000Z</time><speed>29.000</speed><course>90.00</course></trkpt>
<trkpt lat="51.4545000" lon="-2.5696724"><time>2026-03-02T08:15:51Z</time><speed>29.000</speed><course>90.00</course></trkpt>
<trkpt lat="51.4545000" lon="-2.5695888"><time>2026-03-02T08:15:51.200000Z</time><speed>29.000</speed><course>90.00</course></trkpt>
<trkpt lat="51.4545000" lon="-2.5695052"><time>2026-03-02T08:15:51.400000Z</time><speed>29.000</speed><course>90.00</course></trkpt>
<trkpt lat="51.4545000" lon="-2.5694216"><time>2026-03-02T08:15:51.600000Z</time><speed>29.000</speed><course>90.00</course></trkpt>
<trkpt lat="51.4545000" lon="-2.5693380"><time>2026-03-02T08:15:51.800000Z</time><speed>29.000</speed><course>90.00</course></trkpt>
<trkpt lat="51.4545000" lon="-2.5692544"><time>2026-03-02T08:15:52Z</time><speed>29.000</speed><course>90.00</course></trkpt>
<trkpt lat="51.4545000" lon="-2.5691708"><time>2026-03-02T08:15:52.200000Z</time><speed>29.000</speed><course>90.00</course></trkpt>
<trkpt lat="51.4545000" lon="-2.5690872"><time>2026-03-02T08:15:52.400000Z</time><speed>29.000</speed><course>90.00</course></trkpt>
<trkpt lat="51.4545000" lon="-2.5690035"><time>2026-03-02T08:15:52.600000Z</time><speed>29.000</speed><course>90.00</course></trkpt>
<trkpt lat="51.4545000" lon="-2.5689199"><time>2026-03-02T08:15:52.800000Z</time><speed>29.000</speed><course>90.00</course></trkpt>
<trkpt lat="51.4545000" lon="-2.5688363"><time>2026-03-02T08:15:53Z</time><speed>29.000</speed><course>90.00</course></trkpt>
<trkpt lat="51.4545000" lon="-2.5687527"><time>2026-03-02T08:15:53.200000Z</time><speed>29.000</speed><course>90.00</course></trkpt>
<trkpt lat="51.4545000" lon="-2.5686691"><time>2026-03-02T08:15:53.400000Z</time><speed>29.000</speed><course>90.00</course></trkpt>
<trkpt lat="51.4545000" lon="-2.5685855"><time>2026-03-02T08:15:53.600000Z</time><speed>29.000</speed><course>90.00</course></trkpt>
<trkpt lat="51.4545000" lon="-2.5685019"><time>2026-03-02T08:15:53.800000Z</time><speed>29.000</speed><course>90.00</course></trkpt>
<trkpt lat="51.4545000" lon="-2.5684183"><time>2026-03-02T08:15:54Z</time><speed>29.000</speed><course>90.00</course></trkpt>
<trkpt lat="51.4545000" lon="-2.5683346"><time>2026-03-02T08:15:54.200000Z</time><speed>29.000</speed><course>90.00</course></trkpt>
<trkpt lat="51.4545000" lon="-2.5682510"><time>2026-03-02T08:15:54.400000Z</time><speed>29.000</speed><course>90.00</course></trkpt>
<trkpt lat="51.4545000" lon="-2.5681674"><time>2026-03-02T08:15:54.600000Z</time><speed>29.000</speed><course>90.00</course></trkpt>
<trkpt lat="51.4545000" lon="-2.5680838"><time>2026-03-02T08:15:54.800000Z</time><speed>29.000</speed><course>90.00</course></trkpt>
<trkpt lat="51.4545000" lon="-2.5680002"><time>2026-03-02T08:15:55Z</time><speed>29.000</speed><course>90.00</course></trkpt>
<trkpt lat="51.4545000" lon="-2.5679166"><time>2026-03-02T08:15:55.200000Z</time><speed>29.000</speed><course>90.00</course></trkpt>
<trkpt lat="51.4545000" lon="-2.5678330"><time>2026-03-02T08:15:55.400000Z</time><speed>29.000</speed><course>90.00</course></trkpt>
<trkpt lat="51.4545000" lon="-2.5677494"><time>2026-03-02T08:15:55.600000Z</time><speed>29.000</speed><course>90.00</course></trkpt>
<trkpt lat="51.4545000" lon="-2.5676657"><time>2026-03-02T08:15:55.800000Z</time><speed>29.000</speed><course>90.00</course></trkpt>
<trkpt lat="51.4545000" lon="-2.5675821"><time>2026-03-02T08:15:56Z</time><speed>29.000</speed><course>90.00</course></trkpt>
<trkpt lat="51.4545000" lon="-2.5674985"><time>2026-03-02T08:15:56.200000Z</time><speed>29.000</speed><course>90.00</course></trkpt>
<trkpt lat="51.4545000" lon="-2.5674149"><time>2026-03-02T08:15:56.400000Z</time><speed>29.000</speed><course>90.00</course></trkpt>
<trkpt lat="51.4545000" lon="-2.5673313"><time>2026-03-02T08:15:56.600000Z</time><speed>29.000</speed><course>90.00</course></trkpt>
<trkpt lat="51.4545000" lon="-2.5672477"><time>2026-03-02T08:15:56.800000Z</time><speed>29.000</speed><course>90.00</course></trkpt>
<trkpt lat="51.4545000" lon="-2.5671641"><time>2026-03-02T08:15:57Z</time><speed>29.000</speed><course>90.00</course></trkpt>
<trkpt lat="51.4545000" lon="-2.5670804"><time>2026-03-02T08:15:57.200000Z</time><speed>29.000</speed><course>90.00</course></trkpt>
<trkpt lat="51.4545000" lon="-2.5669968"><time>2026-03-02T08:15:57.400000Z</time><speed>29.000</speed><course>90.00</course></trkpt>
<trkpt lat="51.4545000" lon="-2.5669132"><time>2026-03-02T08:15:57.600000Z</time><speed>29.000</speed><course>90.00</course></trkpt>
<trkpt lat="51.4545000" lon="-2.5668296"><time>2026-03-02T08:15:57.800000Z</time><speed>29.000</speed><course>90.00</course></trkpt>
<trkpt lat="51.4545000" lon="-2.5667460"><time>2026-03-02T08:15:58Z</time><speed>29.000</speed><course>90.00</course></trkpt>
<trkpt lat="51.4545000" lon="-2.5666624"><time>2026-03-02T08:15:58.200000Z</time><speed>29.000</speed><course>90.00</course></trkpt>
<trkpt lat="51.4545000" lon="-2.5665788"><time>2026-03-02T08:15:58.400000Z</time><speed>29.000</speed><course>90.00</course></trkpt>
<trkpt lat="51.4545000" lon="-2.5664952"><time>2026-03-02T08:15:58.600000Z</time><speed>29.000</speed><course>90.00</course></trkpt>
<trkpt lat="51.4545000" lon="-2.5664115"><time>2026-03-02T08:15:58.800000Z</time><speed>29.000</speed><course>90.00</course></trkpt>
<trkpt lat="51.4545000" lon="-2.5663279"><time>2026-03-02T08:15:59Z</time><speed>29.000</speed><course>90.00</course></trkpt>
<trkpt lat="51.4545000" lon="-2.5662443"><time>2026-03-02T08:15:59.200000Z</time><speed>29.000</speed><course>90.00</course></trkpt>
<trkpt lat="51.4545000" lon="-2.5661607"><time>2026-03-02T08:15:59.400000Z</time><speed>29.000</speed><course>90.00</course></trkpt>
<trkpt lat="51.4545000" lon="-2.5660771"><time>2026-03-02T08:15:59.600000Z</time><speed>29.000</speed><course>90.00</course></trkpt>
<trkpt lat="51.4545000" lon="-2.5659935"><time>2026-03-02T08:15:59.800000Z</time><speed>29.000</speed><course>90.00</course></trkpt>
<trkpt lat="51.4545000" lon="-2.5659099"><time>2026-03-02T08:16:00Z</time><speed>29.000</speed><course>90.00</course></trkpt>
<trkpt lat="51.4545000" lon="-2.5658263"><time>2026-03-02T08:16:00.200000Z</time><speed>29.000</speed><course>90.00</course></trkpt>
<trkpt lat="51.4545000" lon="-2.5657426"><time>2026-03-02T08:16:00.400000Z</time><speed>29.000</speed><course>90.00</course></trkpt>
<trkpt lat="51.4545000" lon="-2.5656590"><time>2026-03-02T08:16:00.600000Z</time><speed>29.000</speed><course>90.00</course></trkpt>
<trkpt lat="51.4545000" lon="-2.5655754"><time>2026-03-02T08:16:00.800000Z</time><speed>29.000</speed><course>90.00</course></trkpt>
<trkpt lat="51.4545000" lon="-2.5654918"><time>2026-03-02T08:16:01Z</time><speed>29.000</speed><course>90.00</course></trkpt>
<trkpt lat="51.4545000" lon="-2.5654082"><time>2026-03-02T08:16:01.200000Z</time><speed>29.000</speed><course>90.00</course></trkpt>
<trkpt lat="51.4545000" lon="-2.5653246"><time>2026-03-02T08:16:01.400000Z</time><speed>29.000</speed><course>90.00</course></trkpt>
<trkpt lat="51.4545000" lon="-2.5652410"><time>2026-03-02T08:16:01.600000Z</time><speed>29.000</speed><course>90.00</course></trkpt>
<trkpt lat="51.4545000" lon="-2.5651574"><time>2026-03-02T08:16:01.800000Z</time><speed>29.000</speed><course>90.00</course></trkpt>
<trkpt lat="51.4545000" lon="-2.5650737"><time>2026-03-02T08:16:02Z</time><speed>29.000</speed><course>90.00</course></trkpt>
<trkpt lat="51.4545000" lon="-2.5649901"><time>2026-03-02T08:16:02.200000Z</time><speed>29.000</speed><course>90.00</course></trkpt>
<trkpt lat="51.4545000" lon="-2.5649065"><time>2026-03-02T08:16:02.400000Z</time><speed>29.000</speed><course>90.00</course></trkpt>
<trkpt lat="51.4545000" lon="-2.5648229"><time>2026-03-02T08:16:02.600000Z</time><speed>29.000</speed><course>90.00</course></trkpt>
<trkpt lat="51.4545000" lon="-2.5647393"><time>2026-03-02T08:16:02.800000Z</time><speed>29.000</speed><course>90.00</course></trkpt>
<trkpt lat="51.4545000" lon="-2.5646557"><time>2026-03-02T08:16:03Z</time><speed>29.000</speed><course>90.00</course></trkpt>
<trkpt lat="51.4545000" lon="-2.5645721"><time>2026-03-02T08:16:03.200000Z</time><speed>29.000</speed><course>90.00</course></trkpt>
<trkpt lat="51.4545000" lon="-2.5644885"><time>2026-03-02T08:16:03.400000Z</time><speed>29.000</speed><course>90.00</course></trkpt>
<trkpt lat="51.4545000" lon="-2.5644048"><time>2026-03-02T08:16:03.600000Z</time><speed>29.000</speed><course>90.00</course></trkpt>
<trkpt lat="51.4545000" lon="-2.5643212"><time>2026-03-02T08:16:03.800000Z</time><speed>29.000</speed><course>90.00</course></trkpt>
<trkpt lat="51.4545000" lon="-2.5642376"><time>2026-03-02T08:16:04Z</time><speed>29.000</speed><course>90.00</course></trkpt>
<trkpt lat="51.4545000" lon="-2.5641540"><time>2026-03-02T08:16:04.200000Z</time><speed>29.000</speed><course>90.00</course></trkpt>
<trkpt lat="51.4545000" lon="-2.5640704"><time>2026-03-02T08:16:04.400000Z</time><speed>29.000</speed><course>90.00</course></trkpt>
<trkpt lat="51.4545000" lon="-2.5639868"><time>2026-03-02T08:16:04.600000Z</time><speed>29.000</speed><course>90.00</course></trkpt>
<trkpt lat="51.4545000" lon="-2.5639032"><time>2026-03-02T08:16:04.800000Z</time><speed>29.000</speed><course>90.00</course></trkpt>
<trkpt lat="51.4545000" lon="-2.5638196"><time>2026-03-02T08:16:05Z</time><speed>29.000</speed><course>90.00</course></trkpt>
<trkpt lat="51.4545000" lon="-2.5637359"><time>2026-03-02T08:16:05.200000Z</time><speed>29.000</speed><course>90.00</course></trkpt>
<trkpt lat="51.4545000" lon="-2.5636523"><time>2026-03-02T08:16:05.400000Z</time><speed>29.000</speed><course>90.00</course></trkpt>
<trkpt lat="51.4545000" lon="-2.5635687"><time>2026-03-02T08:16:05.600000Z</time><speed>29.000</speed><course>90.00</course></trkpt>
<trkpt lat="51.4545000" lon="-2.5634851"><time>2026-03-02T08:16:05.800000Z</time><speed>29.000</speed><course>90.00</course></trkpt>
<trkpt lat="51.4545000" lon="-2.5634015"><time>2026-03-02T08:16:06Z</time><speed>29.000</speed><course>90.00</course></trkpt>
<trkpt lat="51.4545000" lon="-2.5633179"><time>2026-03-02T08:16:06.200000Z</time><speed>29.000</speed><course>90.00</course></trkpt>
<trkpt lat="51.4545000" lon="-2.5632343"><time>2026-03-02T08:16:06.400000Z</time><speed>29.000</speed><course>90.00</course></trkpt>
<trkpt lat="51.4545000" lon="-2.5631507"><time>2026-03-02T08:16:06.600000Z</time><speed>29.000</speed><course>90.00</course></trkpt>
<trkpt lat="51.4545000" lon="-2.5630670"><time>2026-03-02T08:16:06.800000Z</time><speed>29.000</speed><course>90.00</course></trkpt>
<trkpt lat="51.4545000" lon="-2.5629834"><time>2026-03-02T08:16:07Z</time><speed>29.000</speed><course>90.00</course></trkpt>
<trkpt lat="51.4545000" lon="-2.5628998"><time>2026-03-02T08:16:07.200000Z</time><speed>29.000</speed><course>90.00</course></trkpt>
<trkpt lat="51.4545000" lon="-2.5628162"><time>2026-03-02T08:16:07.400000Z</time><speed>29.000</speed><course>90.00</course></trkpt>
<trkpt lat="51.4545000" lon="-2.5627326"><time>2026-03-02T08:16:07.600000Z</time><speed>29.000</speed><course>90.00</course></trkpt>
<trkpt lat="51.4545000" lon="-2.5626490"><time>2026-03-02T08:16:07.800000Z</time><speed>29.000</speed><course>90.00</course></trkpt>
<trkpt lat="51.4545000" lon="-2.5625654"><time>2026-03-02T08:16:08Z</time><speed>29.000</speed><course>90.00</course></trkpt>
<trkpt lat="51.4545000" lon="-2.5624818"><time>2026-03-02T08:16:08.200000Z</time><speed>29.000</speed><course>90.00</course></trkpt>
<trkpt lat="51.4545000" lon="-2.5623981"><time>2026-03-02T08:16:08.400000Z</time><speed>29.000</speed><course>90.00</course></trkpt>
<trkpt lat="51.4545000" lon="-2.5623145"><time>2026-03-02T08:16:08.600000Z</time><speed>29.000</speed><course>90.00</course></trkpt>
<trkpt lat="51.4545000" lon="-2.5622309"><time>2026-03-02T08:16:08.800000Z</time><speed>29.000</speed><course>90.00</course></trkpt>
<trkpt lat="51.4545000" lon="-2.5621473"><time>2026-03-02T08:16:09Z</time><speed>29.000</speed><course>90.00</course></trkpt>
<trkpt lat="51.4545000" lon="-2.5620637"><time>2026-03-02T08:16:09.200000Z</time><speed>29.000</speed><course>90.00</course></trkpt>
<trkpt lat="51.4545000" lon="-2.5619801"><time>2026-03-02T08:16:09.400000Z</time><speed>29.000</speed><course>90.00</course></trkpt>
<trkpt lat="51.4545000" lon="-2.5618965"><time>2026-03-02T08:16:09.600000Z</time><speed>29.000</speed><course>90.00</course></trkpt>
<trkpt lat="51.4545000" lon="-2.5618129"><time>2026-03-02T08:16:09.800000Z</time><speed>29.000</speed><course>90.00</course></trkpt>
<trkpt lat="51.4545000" lon="-2.5617292"><time>2026-03-02T08:16:10Z</time><speed>29.000</speed><course>90.00</course></trkpt>
<trkpt lat="51.4545000" lon="-2.5616456"><time>2026-03-02T08:16:10.200000Z</time><speed>29.000</speed><course>90.00</course></trkpt>
<trkpt lat="51.4545000" lon="-2.5615620"><time>2026-03-02T08:16:10.400000Z</time><speed>29.000</speed><course>90.00</course></trkpt>
<trkpt lat="51.4545000" lon="-2.5614784"><time>2026-03-02T08:16:10.600000Z</time><speed>29.000</speed><course>90.00</course></trkpt>
<trkpt lat="51.4545000" lon="-2.5613948"><time>2026-03-02T08:16:10.800000Z</time><speed>29.000</speed><course>90.00</course></trkpt>
<trkpt lat="51.4545000" lon="-2.5613112"><time>2026-03-02T08:16:11Z</time><speed>29.000</speed><course>90.00</course></trkpt>
<trkpt lat="51.4545000" lon="-2.5612276"><time>2026-03-02T08:16:11.200000Z</time><speed>29.000</speed><course>90.00</course></trkpt>
<trkpt lat="51.4545000" lon="-2.5611440"><time>2026-03-02T08:16:11.400000Z</time><speed>29.000</speed><course>90.00</course></trkpt>
<trkpt lat="51.4545000" lon="-2.5610603"><time>2026-03-02T08:16:11.600000Z</time><speed>29.000</speed><course>90.00</course></trkpt>
<trkpt lat="51.4545000" lon="-2.5609767"><time>2026-03-02T08:16:11.800000Z</time><speed>29.000</speed><course>90.00</course></trkpt>
<trkpt lat="51.4545000" lon="-2.5608931"><time>2026-03-02T08:16:12Z</time><speed>29.000</speed><course>90.00</course></trkpt>
<trkpt lat="51.4545000" lon="-2.5608095"><time>2026-03-02T08:16:12.200000Z</time><speed>29.000</speed><course>90.00</course></trkpt>
<trkpt lat="51.4545000" lon="-2.5607259"><time>2026-03-02T08:16:12.400000Z</time><speed>29.000</speed><course>90.00</course></trkpt>
<trkpt lat="51.4545000" lon="-2.5606423"><time>2026-03-02T08:16:12.600000Z</time><speed>29.000</speed><course>90.00</course></trkpt>
<trkpt lat="51.4545000" lon="-2.5605587"><time>2026-03-02T08:16:12.800000Z</time><speed>29.000</speed><course>90.00</course></trkpt>
<trkpt lat="51.4545000" lon="-2.5604750"><time>2026-03-02T08:16:13Z</time><speed>29.000</speed><course>90.00</course></trkpt>
<trkpt lat="51.4545000" lon="-2.5603914"><time>2026-03-02T08:16:13.200000Z</time><speed>29.000</speed><course>90.00</course></trkpt>
<trkpt lat="51.4545000" lon="-2.5603078"><time>2026-03-02T08:16:13.400000Z</time><speed>29.000</speed><course>90.00</course></trkpt>
<trkpt lat="51.4545000" lon="-2.5602242"><time>2026-03-02T08:16:13.600000Z</time><speed>29.000</speed><course>90.00</course></trkpt>
<trkpt lat="51.4545000" lon="-2.5601406"><time>2026-03-02T08:16:13.800000Z</time><speed>29.000</speed><course>90.00</course></trkpt>
<trkpt lat="51.4545000" lon="-2.5600570"><time>2026-03-02T08:16:14Z</time><speed>29.000</speed><course>90.00</course></trkpt>
<trkpt lat="51.4545000" lon="-2.5599734"><time>2026-03-02T08:16:14.200000Z</time><speed>29.000</speed><course>90.00</course></trkpt>
<trkpt lat="51.4545000" lon="-2.5598898"><time>2026-03-02T08:16:14.400000Z</time><speed>29.000</speed><course>90.00</course></trkpt>
<trkpt lat="51.4545000" lon="-2.5598061"><time>2026-03-02T08:16:14.600000Z</time><speed>29.000</speed><course>90.00</course></trkpt>
<trkpt lat="51.4545000" lon="-2.5597225"><time>2026-03-02T08:16:14.800000Z</time><speed>29.000</speed><course>90.00</course></trkpt>
<trkpt lat="51.4545000" lon="-2.5596389"><time>2026-03-02T08:16:15Z</time><speed>29.000</speed><course>90.00</course></trkpt>
<trkpt lat="51.4545000" lon="-2.5595553"><time>2026-03-02T08:16:15.200000Z</time><speed>29.000</speed><course>90.00</course></trkpt>
<trkpt lat="51.4545000" lon="-2.5594717"><time>2026-03-02T08:16:15.400000Z</time><speed>29.000</speed><course>90.00</course></trkpt>
<trkpt lat="51.4545000" lon="-2.5593881"><time>2026-03-02T08:16:15.600000Z</time><speed>29.000</speed><course>90.00</course></trkpt>
<trkpt lat="51.4545000" lon="-2.5593045"><time>2026-03-02T08:16:15.800000Z</time><speed>29.000</speed><course>90.00</course></trkpt>
<trkpt lat="51.4545000" lon="-2.5592209"><time>2026-03-02T08:16:16Z</time><speed>29.000</speed><course>90.00</course></trkpt>
<trkpt lat="51.4545000" lon="-2.5591372"><time>2026-03-02T08:16:16.200000Z</time><speed>29.000</speed><course>90.00</course></trkpt>
<trkpt lat="51.4545000" lon="-2.5590536"><time>2026-03-02T08:16:16.400000Z</time><speed>29.000</speed><course>90.00</course></trkpt>
<trkpt lat="51.4545000" lon="-2.5589700"><time>2026-03-02T08:16:16.600000Z</time><speed>29.000</speed><course>90.00</course></trkpt>
<trkpt lat="51.4545000" lon="-2.5588864"><time>2026-03-02T08:16:16.800000Z</time><speed>29.000</speed><course>90.00</course></trkpt>
<trkpt lat="51.4545000" lon="-2.5588028"><time>2026-03-02T08:16:17Z</time><speed>29.000</speed><course>90.00</course></trkpt>
<trkpt lat="51.4545000" lon="-2.5587192"><time>2026-03-02T08:16:17.200000Z</time><speed>29.000</speed><course>90.00</course></trkpt>
<trkpt lat="51.4545000" lon="-2.5586356"><time>2026-03-02T08:16:17.400000Z</time><speed>29.000</speed><course>90.00</course></trkpt>
<trkpt lat="51.4545000" lon="-2.5585520"><time>2026-03-02T08:16:17.600000Z</time><speed>29.000</speed><course>90.00</course></trkpt>
<trkpt lat="51.4545000" lon="-2.5584683"><time>2026-03-02T08:16:17.800000Z</time><speed>29.000</speed><course>90.00</course></trkpt>
<trkpt lat="51.4545000" lon="-2.5583847"><time>2026-03-02T08:16:18Z</time><speed>29.000</speed><course>90.00</course></trkpt>
<trkpt lat="51.4545000" lon="-2.5583011"><time>2026-03-02T08:16:18.200000Z</time><speed>29.000</speed><course>90.00</course></trkpt>
<trkpt lat="51.4545000" lon="-2.5582175"><time>2026-03-02T08:16:18.400000Z</time><speed>29.000</speed><course>90.00</course></trkpt>
<trkpt lat="51.4545000" lon="-2.5581339"><time>2026-03-02T08:16:18.600000Z</time><speed>29.000</speed><course>90.00</course></trkpt>
<trkpt lat="51.4545000" lon="-2.5580503"><time>2026-03-02T08:16:18.800000Z</time><speed>29.000</speed><course>90.00</course></trkpt>
<trkpt lat="51.4545000" lon="-2.5579667"><time>2026-03-02T08:16:19Z</time><speed>29.000</speed><course>90.00</course></trkpt>
<trkpt lat="51.4545000" lon="-2.5578831"><time>2026-03-02T08:16:19.200000Z</time><speed>29.000</speed><course>90.00</course></trkpt>
<trkpt lat="51.4545000" lon="-2.5577994"><time>2026-03-02T08:16:19.400000Z</time><speed>29.000</speed><course>90.00</course></trkpt>
<trkpt lat="51.4545000" lon="-2.5577158"><time>2026-03-02T08:16:19.600000Z</time><speed>29.000</speed><course>90.00</course></trkpt>
<trkpt lat="51.4545000" lon="-2.5576322"><time>2026-03-02T08:16:19.800000Z</time><speed>29.000</speed><course>90.00</course></trkpt>
<trkpt lat="51.4545000" lon="-2.5575486"><time>2026-03-02T08:16:20Z</time><speed>29.000</speed><course>90.00</course></trkpt>
<trkpt lat="51.4545000" lon="-2.5574650"><time>2026-03-02T08:16:20.200000Z</time><speed>29.000</speed><course>90.00</course></trkpt>
<trkpt lat="51.4545000" lon="-2.5573814"><time>2026-03-02T08:16:20.400000Z</time><speed>29.000</speed><course>90.00</course></trkpt>
<trkpt lat="51.4545000" lon="-2.5572978"><time>2026-03-02T08:16:20.600000Z</time><speed>29.000</speed><course>90.00</course></trkpt>
<trkpt lat="51.4545000" lon="-2.5572142"><time>2026-03-02T08:16:20.800000Z</time><speed>29.000</speed><course>90.00</course></trkpt>
<trkpt lat="51.4545000" lon="-2.5571305"><time>2026-03-02T08:16:21Z</time><speed>29.000</speed><course>90.00</course></trkpt>
<trkpt lat="51.4545000" lon="-2.5570469"><time>2026-03-02T08:16:21.200000Z</time><speed>29.000</speed><course>90.00</course></trkpt>
<trkpt lat="51.4545000" lon="-2.5569633"><time>2026-03-02T08:16:21.400000Z</time><speed>29.000</speed><course>90.00</course></trkpt>
<trkpt lat="51.4545000" lon="-2.5568797"><time>2026-03-02T08:16:21.600000Z</time><speed>29.000</speed><course>90.00</course></trkpt>
<trkpt lat="51.4545000" lon="-2.5567961"><time>2026-03-02T08:16:21.800000Z</time><speed>29.000</speed><course>90.00</course></trkpt>
<trkpt lat="51.4545000" lon="-2.5567125"><time>2026-03-02T08:16:22Z</time><speed>29.000</speed><course>90.00</course></trkpt>
<trkpt lat="51.4545000" lon="-2.5566289"><time>2026-03-02T08:16:22.200000Z</time><speed>29.000</speed><course>90.00</course></trkpt>
<trkpt lat="51.4545000" lon="-2.5565453"><time>2026-03-02T08:16:22.400000Z</time><speed>29.000</speed><course>90.00</course></trkpt>
<trkpt lat="51.4545000" lon="-2.5564616"><time>2026-03-02T08:16:22.600000Z</time><speed>29.000</speed><course>90.00</course></trkpt>
<trkpt lat="51.4545000" lon="-2.5563780"><time>2026-03-02T08:16:22.800000Z</time><speed>29.000</speed><course>90.00</course></trkpt>
<trkpt lat="51.4545000" lon="-2.5562944"><time>2026-03-02T08:16:23Z</time><speed>29.000</speed><course>90.00</course></trkpt>
<trkpt lat="51.4545000" lon="-2.5562108"><time>2026-03-02T08:16:23.200000Z</time><speed>29.000</speed><course>90.00</course></trkpt>
<trkpt lat="51.4545000" lon="-2.5561272"><time>2026-03-02T08:16:23.400000Z</time><speed>29.000</speed><course>90.00</course></trkpt>
<trkpt lat="51.4545000" lon="-2.5560436"><time>2026-03-02T08:16:23.600000Z</time><speed>29.000</speed><course>90.00</course></trkpt>
<trkpt lat="51.4545000" lon="-2.5559600"><time>2026-03-02T08:16:23.800000Z</time><speed>29.000</speed><course>90.00</course></trkpt>
<trkpt lat="51.4545000" lon="-2.5558764"><time>2026-03-02T08:16:24Z</time><speed>29.000</speed><course>90.00</course></trkpt>
<trkpt lat="51.4545000" lon="-2.5557927"><time>2026-03-02T08:16:24.200000Z</time><speed>29.000</speed><course>90.00</course></trkpt>
<trkpt lat="51.4545000" lon="-2.5557091"><time>2026-03-02T08:16:24.400000Z</time><speed>29.000</speed><course>90.00</course></trkpt>
<trkpt lat="51.4545000" lon="-2.5556255"><time>2026-03-02T08:16:24.600000Z</time><speed>29.000</speed><course>90.00</course></trkpt>
<trkpt lat="51.4545000" lon="-2.5555419"><time>2026-03-02T08:16:24.800000Z</time><speed>29.000</speed><course>90.00</course></trkpt>
<trkpt lat="51.4545000" lon="-2.5554583"><time>2026-03-02T08:16:25Z</time><speed>29.000</speed><course>90.00</course></trkpt>
<trkpt lat="51.4545000" lon="-2.5553747"><time>2026-03-02T08:16:25.200000Z</time><speed>29.000</speed><course>90.00</course></trkpt>
<trkpt lat="51.4545000" lon="-2.5552911"><time>2026-03-02T08:16:25.400000Z</time><speed>29.000</speed><course>90.00</course></trkpt>
<trkpt lat="51.4545000" lon="-2.5552075"><time>2026-03-02T08:16:25.600000Z</time><speed>29.000</speed><course>90.00</course></trkpt>
<trkpt lat="51.4545000" lon="-2.5551238"><time>2026-03-02T08:16:25.800000Z</time><speed>29.000</speed><course>90.00</course></trkpt>
<trkpt lat="51.4545000" lon="-2.5550402"><time>2026-03-02T08:16:26Z</time><speed>29.000</speed><course>90.00</course></trkpt>
<trkpt lat="51.4545000" lon="-2.5549566"><time>2026-03-02T08:16:26.200000Z</time><speed>29.000</speed><course>90.00</course></trkpt>
<trkpt lat="51.4545000" lon="-2.5548730"><time>2026-03-02T08:16:26.400000Z</time><speed>29.000</speed><course>90.00</course></trkpt>
<trkpt lat="51.4545000" lon="-2.5547894"><time>2026-03-02T08:16:26.600000Z</time><speed>29.000</speed><course>90.00</course></trkpt>
<trkpt lat="51.4545000" lon="-2.5547058"><time>2026-03-02T08:16:26.800000Z</time><speed>29.000</speed><course>90.00</course></trkpt>
<trkpt lat="51.4545000" lon="-2.5546222"><time>2026-03-02T08:16:27Z</time><speed>29.000</speed><course>90.00</course></trkpt>
<trkpt lat="51.4545000" lon="-2.5545386"><time>2026-03-02T08:16:27.200000Z</time><speed>29.000</speed><course>90.00</course></trkpt>
<trkpt lat="51.4545000" lon="-2.5544549"><time>2026-03-02T08:16:27.400000Z</time><speed>29.000</speed><course>90.00</course></trkpt>
<trkpt lat="51.4545000" lon="-2.5543713"><time>2026-03-02T08:16:27.600000Z</time><speed>29.000</speed><course>90.00</course></trkpt>
<trkpt lat="51.4545000" lon="-2.5542877"><time>2026-03-02T08:16:27.800000Z</time><speed>29.000</speed><course>90.00</course></trkpt>
<trkpt lat="51.4545000" lon="-2.5542041"><time>2026-03-02T08:16:28Z</time><speed>29.000</speed><course>90.00</course></trkpt>
<trkpt lat="51.4545000" lon="-2.5541205"><time>2026-03-02T08:16:28.200000Z</time><speed>29.000</speed><course>90.00</course></trkpt>
<trkpt lat="51.4545000" lon="-2.5540369"><time>2026-03-02T08:16:28.400000Z</time><speed>29.000</speed><course>90.00</course></trkpt>
<trkpt lat="51.4545000" lon="-2.5539533"><time>2026-03-02T08:16:28.600000Z</time><speed>29.000</speed><course>90.00</course></trkpt>
<trkpt lat="51.4545000" lon="-2.5538697"><time>2026-03-02T08:16:28.800000Z</time><speed>29.000</speed><course>90.00</course></trkpt>
<trkpt lat="51.4545000" lon="-2.5537860"><time>2026-03-02T08:16:29Z</time><speed>29.000</speed><course>90.00</course></trkpt>
<trkpt lat="51.4545000" lon="-2.5537024"><time>2026-03-02T08:16:29.200000Z</time><speed>29.000</speed><course>90.00</course></trkpt>
<trkpt lat="51.4545000" lon="-2.5536188"><time>2026-03-02T08:16:29.400000Z</time><speed>29.000</speed><course>90.00</course></trkpt>
<trkpt lat="51.4545000" lon="-2.5535352"><time>2026-03-02T08:16:29.600000Z</time><speed>29.000</speed><course>90.00</course></trkpt>
<trkpt lat="51.4545000" lon="-2.5534516"><time>2026-03-02T08:16:29.800000Z</time><speed>29.000</speed><course>90.00</course></trkpt>
<trkpt lat="51.4545000" lon="-2.5533680"><time>2026-03-02T08:16:30Z</time><speed>29.000</speed><course>90.00</course></trkpt>
<trkpt lat="51.4545000" lon="-2.5532844"><time>2026-03-02T08:16:30.200000Z</time><speed>29.000</speed><course>90.00</course></trkpt>
<trkpt lat="51.4545000" lon="-2.5532007"><time>2026-03-02T08:16:30.400000Z</time><speed>29.000</speed><course>90.00</course></trkpt>
<trkpt lat="51.4545000" lon="-2.5531171"><time>2026-03-02T08:16:30.600000Z</time><speed>29.000</speed><course>90.00</course></trkpt>
<trkpt lat="51.4545000" lon="-2.5530335"><time>2026-03-02T08:16:30.800000Z</time><speed>29.000</speed><course>90.00</course></trkpt>
<trkpt lat="51.4545000" lon="-2.5529499"><time>2026-03-02T08:16:31Z</time><speed>29.000</speed><course>90.00</course></trkpt>
<trkpt lat="51.4545000" lon="-2.5528663"><time>2026-03-02T08:16:31.200000Z</time><speed>29.000</speed><course>90.00</course></trkpt>
<trkpt lat="51.4545000" lon="-2.5527827"><time>2026-03-02T08:16:31.400000Z</time><speed>29.000</speed><course>90.00</course></trkpt>
<trkpt lat="51.4545000" lon="-2.5526991"><time>2026-03-02T08:16:31.600000Z</time><speed>29.000</speed><course>90.00</course></trkpt>
<trkpt lat="51.4545000" lon="-2.5526155"><time>2026-03-02T08:16:31.800000Z</time><speed>29.000</speed><course>90.00</course></trkpt>
<trkpt lat="51.4545000" lon="-2.5525318"><time>2026-03-02T08:16:32Z</time><speed>29.000</speed><course>90.00</course></trkpt>
<trkpt lat="51.4545000" lon="-2.5524482"><time>2026-03-02T08:16:32.200000Z</time><speed>29.000</speed><course>90.00</course></trkpt>
<trkpt lat="51.4545000" lon="-2.5523646"><time>2026-03-02T08:16:32.400000Z</time><speed>29.000</speed><course>90.00</course></trkpt>
<trkpt lat="51.4545000" lon="-2.5522810"><time>2026-03-02T08:16:32.600000Z</time><speed>29.000</speed><course>90.00</course></trkpt>
<trkpt lat="51.4545000" lon="-2.5521974"><time>2026-03-02T08:16:32.800000Z</time><speed>29.000</speed><course>90.00</course></trkpt>
<trkpt lat="51.4545000" lon="-2.5521138"><time>2026-03-02T08:16:33Z</time><speed>29.000</speed><course>90.00</course></trkpt>
<trkpt lat="51.4545000" lon="-2.5520302"><time>2026-03-02T08:16:33.200000Z</time><speed>29.000</speed><course>90.00</course></trkpt>
<trkpt lat="51.4545000" lon="-2.5519466"><time>2026-03-02T08:16:33.400000Z</time><speed>29.000</speed><course>90.00</course></trkpt>
<trkpt lat="51.4545000" lon="-2.5518629"><time>2026-03-02T08:16:33.600000Z</time><speed>29.000</speed><course>90.00</course></trkpt>
<trkpt lat="51.4545000" lon="-2.5517793"><time>2026-03-02T08:16:33.800000Z</time><speed>29.000</speed><course>90.00</course></trkpt>
<trkpt lat="51.4545000" lon="-2.5516957"><time>2026-03-02T08:16:34Z</time><speed>29.000</speed><course>90.00</course></trkpt>
<trkpt lat="51.4545000" lon="-2.5516121"><time>2026-03-02T08:16:34.200000Z</time><speed>29.000</speed><course>90.00</course></trkpt>
<trkpt lat="51.4545000" lon="-2.5515285"><time>2026-03-02T08:16:34.400000Z</time><speed>29.000</speed><course>90.00</course></trkpt>
<trkpt lat="51.4545000" lon="-2.5514449"><time>2026-03-02T08:16:34.600000Z</time><speed>29.000</speed><course>90.00</course></trkpt>
<trkpt lat="51.4545000" lon="-2.5513613"><time>2026-03-02T08:16:34.800000Z</time><speed>29.000</speed><course>90.00</course></trkpt>
<trkpt lat="51.4544993" lon="-2.5512777"><time>2026-03-02T08:16:35Z</time><speed>29.000</speed><course>90.80</course></trkpt>
<trkpt lat="51.4544978" lon="-2.5511941"><time>2026-03-02T08:16:35.200000Z</time><speed>29.000</speed><course>91.60</course></trkpt>
<trkpt lat="51.4544956" lon="-2.5511105"><time>2026-03-02T08:16:35.400000Z</time><speed>29.000</speed><course>92.40</course></trkpt>
<trkpt lat="51.4544927" lon="-2.5510271"><time>2026-03-02T08:16:35.600000Z</time><speed>29.000</speed><course>93.20</course></trkpt>
<trkpt lat="51.4544891" lon="-2.5509437"><time>2026-03-02T08:16:35.800000Z</time><speed>29.000</speed><course>94.00</course></trkpt>
<trkpt lat="51.4544847" lon="-2.5508603"><time>2026-03-02T08:16:36Z</time><speed>29.000</speed><course>94.80</course></trkpt>
<trkpt lat="51.4544796" lon="-2.5507771"><time>2026-03-02T08:16:36.200000Z</time><speed>29.000</speed><course>95.60</course></trkpt>
<trkpt lat="51.4544738" lon="-2.5506940"><time>2026-03-02T08:16:36.400000Z</time><speed>29.000</speed><course>96.40</course></trkpt>
<trkpt lat="51.4544673" lon="-2.5506111"><time>2026-03-02T08:16:36.600000Z</time><speed>29.000</speed><course>97.20</course></trkpt>
<trkpt lat="51.4544601" lon="-2.5505283"><time>2026-03-02T08:16:36.800000Z</time><speed>29.000</speed><course>98.00</course></trkpt>
<trkpt lat="51.4544521" lon="-2.5504457"><time>2026-03-02T08:16:37Z</time><speed>29.000</speed><course>98.80</course></trkpt>
<trkpt lat="51.4544434" lon="-2.5503632"><time>2026-03-02T08:16:37.200000Z</time><speed>29.000</speed><course>99.60</course></trkpt>
<trkpt lat="51.4544340" lon="-2.5502810"><time>2026-03-02T08:16:37.400000Z</time><speed>29.000</speed><course>100.40</course></trkpt>
<trkpt lat="51.4544239" lon="-2.5501989"><time>2026-03-02T08:16:37.600000Z</time><speed>29.000</speed><course>101.20</course></trkpt>
<trkpt lat="51.4544130" lon="-2.5501172"><time>2026-03-02T08:16:37.800000Z</time><speed>29.000</speed><course>102.00</course></trkpt>
<trkpt lat="51.4544022" lon="-2.5500354"><time>2026-03-02T08:16:38Z</time><speed>29.000</speed><course>102.00</course></trkpt>
<trkpt lat="51.4543914" lon="-2.5499536"><time>2026-03-02T08:16:38.200000Z</time><speed>29.000</speed><course>102.00</course></trkpt>
<trkpt lat="51.4543805" lon="-2.5498718"><time>2026-03-02T08:16:38.400000Z</time><speed>29.000</speed><course>102.00</course></trkpt>
<trkpt lat="51.4543697" lon="-2.5497900"><time>2026-03-02T08:16:38.600000Z</time><speed>29.000</speed><course>102.00</course></trkpt>
<trkpt lat="51.4543589" lon="-2.5497082"><time>2026-03-02T08:16:38.800000Z</time><speed>29.000</speed><course>102.00</course></trkpt>
<trkpt lat="51.4543480" lon="-2.5496265"><time>2026-03-02T08:16:39Z</time><speed>29.000</speed><course>102.00</course></trkpt>
<trkpt lat="51.4543372" lon="-2.5495447"><time>2026-03-02T08:16:39.200000Z</time><speed>29.000</speed><course>102.00</course></trkpt>
<trkpt lat="51.4543264" lon="-2.5494629"><time>2026-03-02T08:16:39.400000Z</time><speed>29.000</speed><course>102.00</course></trkpt>
<trkpt lat="51.4543155" lon="-2.5493811"><time>2026-03-02T08:16:39.600000Z</time><speed>29.000</speed><course>102.00</course></trkpt>
<trkpt lat="51.4543047" lon="-2.5492993"><time>2026-03-02T08:16:39.800000Z</time><speed>29.000</speed><course>102.00</course></trkpt>
<trkpt lat="51.4542939" lon="-2.5492175"><time>2026-03-02T08:16:40Z</time><speed>29.000</speed><course>102.00</course></trkpt>
<trkpt lat="51.4542831" lon="-2.5491357"><time>2026-03-02T08:16:40.200000Z</time><speed>29.000</speed><course>102.00</course></trkpt>
<trkpt lat="51.4542722" lon="-2.5490540"><time>2026-03-02T08:16:40.400000Z</time><speed>29.000</speed><course>102.00</course></trkpt>
<trkpt lat="51.4542614" lon="-2.5489722"><time>2026-03-02T08:16:40.600000Z</time><speed>29.000</speed><course>102.00</course></trkpt>
<trkpt lat="51.4542506" lon="-2.5488904"><time>2026-03-02T08:16:40.800000Z</time><speed>29.000</speed><course>102.00</course></trkpt>
<trkpt lat="51.4542397" lon="-2.5488086"><time>2026-03-02T08:16:41Z</time><speed>29.000</speed><course>102.00</course></trkpt>
<trkpt lat="51.4542289" lon="-2.5487268"><time>2026-03-02T08:16:41.200000Z</time><speed>29.000</speed><course>102.00</course></trkpt>
<trkpt lat="51.4542181" lon="-2.5486450"><time>2026-03-02T08:16:41.400000Z</time><speed>29.000</speed><course>102.00</course></trkpt>
<trkpt lat="51.4542072" lon="-2.5485632"><time>2026-03-02T08:16:41.600000Z</time><speed>29.000</speed><course>102.00</course></trkpt>
<trkpt lat="51.4541964" lon="-2.5484815"><time>2026-03-02T08:16:41.800000Z</time><speed>29.000</speed><course>102.00</course></trkpt>
<trkpt lat="51.4541856" lon="-2.5483997"><time>2026-03-02T08:16:42Z</time><speed>29.000</speed><course>102.00</course></trkpt>
<trkpt lat="51.4541747" lon="-2.5483179"><time>2026-03-02T08:16:42.200000Z</time><speed>29.000</speed><course>102.00</course></trkpt>
<trkpt lat="51.4541639" lon="-2.5482361"><time>2026-03-02T08:16:42.400000Z</time><speed>29.000</speed><course>102.00</course></trkpt>
<trkpt lat="51.4541531" lon="-2.5481543"><time>2026-03-02T08:16:42.600000Z</time><speed>29.000</speed><course>102.00</course></trkpt>
<trkpt lat="51.4541422" lon="-2.5480725"><time>2026-03-02T08:16:42.800000Z</time><speed>29.000</speed><course>102.00</course></trkpt>
<trkpt lat="51.4541314" lon="-2.5479907"><time>2026-03-02T08:16:43Z</time><speed>29.000</speed><course>102.00</course></trkpt>
<trkpt lat="51.4541206" lon="-2.5479090"><time>2026-03-02T08:16:43.200000Z</time><speed>29.000</speed><course>102.00</course></trkpt>
<trkpt lat="51.4541097" lon="-2.5478272"><time>2026-03-02T08:16:43.400000Z</time><speed>29.000</speed><course>102.00</course></trkpt>
<trkpt lat="51.4540989" lon="-2.5477454"><time>2026-03-02T08:16:43.600000Z</time><speed>29.000</speed><course>102.00</course></trkpt>
<trkpt lat="51.4540881" lon="-2.5476636"><time>2026-03-02T08:16:43.800000Z</time><speed>29.000</speed><course>102.00</course></trkpt>
<trkpt lat="51.4540772" lon="-2.5475818"><time>2026-03-02T08:16:44Z</time><speed>29.000</speed><course>102.00</course></trkpt>
<trkpt lat="51.4540664" lon="-2.5475000"><time>2026-03-02T08:16:44.200000Z</time><speed>29.000</speed><course>102.00</course></trkpt>
<trkpt lat="51.4540556" lon="-2.5474182"><time>2026-03-02T08:16:44.400000Z</time><speed>29.000</speed><course>102.00</course></trkpt>
<trkpt lat="51.4540447" lon="-2.5473365"><time>2026-03-02T08:16:44.600000Z</time><speed>29.000</speed><course>102.00</course></trkpt>
<trkpt lat="51.4540339" lon="-2.5472547"><time>2026-03-02T08:16:44.800000Z</time><speed>29.000</speed><course>102.00</course></trkpt>
<trkpt lat="51.4540231" lon="-2.5471729"><time>2026-03-02T08:16:45Z</time><speed>29.000</speed><course>102.00</course></trkpt>
<trkpt lat="51.4540122" lon="-2.5470911"><time>2026-03-02T08:16:45.200000Z</time><speed>29.000</speed><course>102.00</course></trkpt>
<trkpt lat="51.4540014" lon="-2.5470093"><time>2026-03-02T08:16:45.400000Z</time><speed>29.000</speed><course>102.00</course></trkpt>
<trkpt lat="51.4539906" lon="-2.5469275"><time>2026-03-02T08:16:45.600000Z</time><speed>29.000</speed><course>102.00</course></trkpt>
<trkpt lat="51.4539797" lon="-2.5468457"><time>2026-03-02T08:16:45.800000Z</time><speed>29.000</speed><course>102.00</course></trkpt>
<trkpt lat="51.4539689" lon="-2.5467640"><time>2026-03-02T08:16:46Z</time><speed>29.000</speed><course>102.00</course></trkpt>
<trkpt lat="51.4539581" lon="-2.5466822"><time>2026-03-02T08:16:46.200000Z</time><speed>29.000</speed><course>102.00</course></trkpt>
<trkpt lat="51.4539472" lon="-2.5466004"><time>2026-03-02T08:16:46.400000Z</time><speed>29.000</speed><course>102.00</course></trkpt>
<trkpt lat="51.4539364" lon="-2.5465186"><time>2026-03-02T08:16:46.600000Z</time><speed>29.000</speed><course>102.00</course></trkpt>
<trkpt lat="51.4539256" lon="-2.5464368"><time>2026-03-02T08:16:46.800000Z</time><speed>29.000</speed><course>102.00</course></trkpt>
<trkpt lat="51.4539147" lon="-2.5463550"><time>2026-03-02T08:16:47Z</time><speed>29.000</speed><course>102.00</course></trkpt>
<trkpt lat="51.4539039" lon="-2.5462732"><time>2026-03-02T08:16:47.200000Z</time><speed>29.000</speed><course>102.00</course></trkpt>
<trkpt lat="51.4538931" lon="-2.5461915"><time>2026-03-02T08:16:47.400000Z</time><speed>29.000</speed><course>102.00</course></trkpt>
<trkpt lat="51.4538822" lon="-2.5461097"><time>2026-03-02T08:16:47.600000Z</time><speed>29.000</speed><course>102.00</course></trkpt>
<trkpt lat="51.4538714" lon="-2.5460279"><time>2026-03-02T08:16:47.800000Z</time><speed>29.000</speed><course>102.00</course></trkpt>
<trkpt lat="51.4538606" lon="-2.5459461"><time>2026-03-02T08:16:48Z</time><speed>29.000</speed><course>102.00</course></trkpt>
<trkpt lat="51.4538497" lon="-2.5458643"><time>2026-03-02T08:16:48.200000Z</time><speed>29.000</speed><course>102.00</course></trkpt>
<trkpt lat="51.4538389" lon="-2.5457825"><time>2026-03-02T08:16:48.400000Z</time><speed>29.000</speed><course>102.00</course></trkpt>
<trkpt lat="51.4538281" lon="-2.5457007"><time>2026-03-02T08:16:48.600000Z</time><speed>29.000</speed><course>102.00</course></trkpt>
<trkpt lat="51.4538172" lon="-2.5456190"><time>2026-03-02T08:16:48.800000Z</time><speed>29.000</speed><course>102.00</course></trkpt>
<trkpt lat="51.4538064" lon="-2.5455372"><time>2026-03-02T08:16:49Z</time><speed>29.000</speed><course>102.00</course></trkpt>
<trkpt lat="51.4537956" lon="-2.5454554"><time>2026-03-02T08:16:49.200000Z</time><speed>29.000</speed><course>102.00</course></trkpt>
<trkpt lat="51.4537847" lon="-2.5453736"><time>2026-03-02T08:16:49.400000Z</time><speed>29.000</speed><course>102.00</course></trkpt>
<trkpt lat="51.4537739" lon="-2.5452918"><time>2026-03-02T08:16:49.600000Z</time><speed>29.000</speed><course>102.00</course></trkpt>
<trkpt lat="51.4537631" lon="-2.5452100"><time>2026-03-02T08:16:49.800000Z</time><speed>29.000</speed><course>102.00</course></trkpt>
<trkpt lat="51.4537523" lon="-2.5451282"><time>2026-03-02T08:16:50Z</time><speed>29.000</speed><course>102.00</course></trkpt>
<trkpt lat="51.4537414" lon="-2.5450465"><time>2026-03-02T08:16:50.200000Z</time><speed>29.000</speed><course>102.00</course></trkpt>
<trkpt lat="51.4537306" lon="-2.5449647"><time>2026-03-02T08:16:50.400000Z</time><speed>29.000</speed><course>102.00</course></trkpt>
<trkpt lat="51.4537198" lon="-2.5448829"><time>2026-03-02T08:16:50.600000Z</time><speed>29.000</speed><course>102.00</course></trkpt>
<trkpt lat="51.4537089" lon="-2.5448011"><time>2026-03-02T08:16:50.800000Z</time><speed>29.000</speed><course>102.00</course></trkpt>
<trkpt lat="51.4536981" lon="-2.5447193"><time>2026-03-02T08:16:51Z</time><speed>29.000</speed><course>102.00</course></trkpt>
<trkpt lat="51.4536873" lon="-2.5446375"><time>2026-03-02T08:16:51.200000Z</time><speed>29.000</speed><course>102.00</course></trkpt>
<trkpt lat="51.4536764" lon="-2.5445557"><time>2026-03-02T08:16:51.400000Z</time><speed>29.000</speed><course>102.00</course></trkpt>
<trkpt lat="51.4536656" lon="-2.5444740"><time>2026-03-02T08:16:51.600000Z</time><speed>29.000</speed><course>102.00</course></trkpt>
<trkpt lat="51.4536548" lon="-2.5443922"><time>2026-03-02T08:16:51.800000Z</time><speed>29.000</speed><course>102.00</course></trkpt>
<trkpt lat="51.4536439" lon="-2.5443104"><time>2026-03-02T08:16:52Z</time><speed>29.000</speed><course>102.00</course></trkpt>
<trkpt lat="51.4536331" lon="-2.5442286"><time>2026-03-02T08:16:52.200000Z</time><speed>29.000</speed><course>102.00</course></trkpt>
<trkpt lat="51.4536223" lon="-2.5441468"><time>2026-03-02T08:16:52.400000Z</time><speed>29.000</speed><course>102.00</course></trkpt>
<trkpt lat="51.4536114" lon="-2.5440650"><time>2026-03-02T08:16:52.600000Z</time><speed>29.000</speed><course>102.00</course></trkpt>
<trkpt lat="51.4536006" lon="-2.5439833"><time>2026-03-02T08:16:52.800000Z</time><speed>29.000</speed><course>102.00</course></trkpt>
<trkpt lat="51.4535898" lon="-2.5439015"><time>2026-03-02T08:16:53Z</time><speed>29.000</speed><course>102.00</course></trkpt>
<trkpt lat="51.4535789" lon="-2.5438197"><time>2026-03-02T08:16:53.200000Z</time><speed>29.000</speed><course>102.00</course></trkpt>
<trkpt lat="51.4535681" lon="-2.5437379"><time>2026-03-02T08:16:53.400000Z</time><speed>29.000</speed><course>102.00</course></trkpt>
<trkpt lat="51.4535573" lon="-2.5436561"><time>2026-03-02T08:16:53.600000Z</time><speed>29.000</speed><course>102.00</course></trkpt>
<trkpt lat="51.4535464" lon="-2.5435743"><time>2026-03-02T08:16:53.800000Z</time><speed>29.000</speed><course>102.00</course></trkpt>
<trkpt lat="51.4535356" lon="-2.5434925"><time>2026-03-02T08:16:54Z</time><speed>29.000</speed><course>102.00</course></trkpt>
<trkpt lat="51.4535248" lon="-2.5434108"><time>2026-03-02T08:16:54.200000Z</time><speed>29.000</speed><course>102.00</course></trkpt>
<trkpt lat="51.4535139" lon="-2.5433290"><time>2026-03-02T08:16:54.400000Z</time><speed>29.000</speed><course>102.00</course></trkpt>
<trkpt lat="51.4535031" lon="-2.5432472"><time>2026-03-02T08:16:54.600000Z</time><speed>29.000</speed><course>102.00</course></trkpt>
<trkpt lat="51.4534923" lon="-2.5431654"><time>2026-03-02T08:16:54.800000Z</time><speed>29.000</speed><course>102.00</course></trkpt>
<trkpt lat="51.4534814" lon="-2.5430836"><time>2026-03-02T08:16:55Z</time><speed>29.000</speed><course>102.00</course></trkpt>
<trkpt lat="51.4534706" lon="-2.5430018"><time>2026-03-02T08:16:55.200000Z</time><speed>29.000</speed><course>102.00</course></trkpt>
<trkpt lat="51.4534598" lon="-2.5429200"><time>2026-03-02T08:16:55.400000Z</time><speed>29.000</speed><course>102.00</course></trkpt>
<trkpt lat="51.4534489" lon="-2.5428383"><time>2026-03-02T08:16:55.600000Z</time><speed>29.000</speed><course>102.00</course></trkpt>
<trkpt lat="51.4534381" lon="-2.5427565"><time>2026-03-02T08:16:55.800000Z</time><speed>29.000</speed><course>102.00</course></trkpt>
<trkpt lat="51.4534273" lon="-2.5426747"><time>2026-03-02T08:16:56Z</time><speed>29.000</speed><course>102.00</course></trkpt>
<trkpt lat="51.4534164" lon="-2.5425929"><time>2026-03-02T08:16:56.200000Z</time><speed>29.000</speed><course>102.00</course></trkpt>
<trkpt lat="51.4534056" lon="-2.5425111"><time>2026-03-02T08:16:56.400000Z</time><speed>29.000</speed><course>102.00</course></trkpt>
<trkpt lat="51.4533948" lon="-2.5424293"><time>2026-03-02T08:16:56.600000Z</time><speed>29.000</speed><course>102.00</course></trkpt>
<trkpt lat="51.4533839" lon="-2.5423475"><time>2026-03-02T08:16:56.800000Z</time><speed>29.000</speed><course>102.00</course></trkpt>
<trkpt lat="51.4533731" lon="-2.5422658"><time>2026-03-02T08:16:57Z</time><speed>29.000</speed><course>102.00</course></trkpt>
<trkpt lat="51.4533623" lon="-2.5421840"><time>2026-03-02T08:16:57.200000Z</time><speed>29.000</speed><course>102.00</course></trkpt>
<trkpt lat="51.4533514" lon="-2.5421022"><time>2026-03-02T08:16:57.400000Z</time><speed>29.000</speed><course>102.00</course></trkpt>
<trkpt lat="51.4533406" lon="-2.5420204"><time>2026-03-02T08:16:57.600000Z</time><speed>29.000</speed><course>102.00</course></trkpt>
<trkpt lat="51.4533298" lon="-2.5419386"><time>2026-03-02T08:16:57.800000Z</time><speed>29.000</speed><course>102.00</course></trkpt>
<trkpt lat="51.4533189" lon="-2.5418568"><time>2026-03-02T08:16:58Z</time><speed>29.000</speed><course>102.00</course></trkpt>
<trkpt lat="51.4533081" lon="-2.5417750"><time>2026-03-02T08:16:58.200000Z</time><speed>29.000</speed><course>102.00</course></trkpt>
<trkpt lat="51.4532973" lon="-2.5416933"><time>2026-03-02T08:16:58.400000Z</time><speed>29.000</speed><course>102.00</course></trkpt>
<trkpt lat="51.4532864" lon="-2.5416115"><time>2026-03-02T08:16:58.600000Z</time><speed>29.000</speed><course>102.00</course></trkpt>
<trkpt lat="51.4532756" lon="-2.5415297"><time>2026-03-02T08:16:58.800000Z</time><speed>29.000</speed><course>102.00</course></trkpt>
<trkpt lat="51.4532648" lon="-2.5414479"><time>2026-03-02T08:16:59Z</time><speed>29.000</speed><course>102.00</course></trkpt>
<trkpt lat="51.4532540" lon="-2.5413661"><time>2026-03-02T08:16:59.200000Z</time><speed>29.000</speed><course>102.00</course></trkpt>
<trkpt lat="51.4532431" lon="-2.5412843"><time>2026-03-02T08:16:59.400000Z</time><speed>29.000</speed><course>102.00</course></trkpt>
<trkpt lat="51.4532323" lon="-2.5412025"><time>2026-03-02T08:16:59.600000Z</time><speed>29.000</speed><course>102.00</course></trkpt>
<trkpt lat="51.4532215" lon="-2.5411208"><time>2026-03-02T08:16:59.800000Z</time><speed>29.000</speed><course>102.00</course></trkpt>
<trkpt lat="51.4532106" lon="-2.5410390"><time>2026-03-02T08:17:00Z</time><speed>29.000</speed><course>102.00</course></trkpt>
<trkpt lat="51.4531998" lon="-2.5409572"><time>2026-03-02T08:17:00.200000Z</time><speed>29.000</speed><course>102.00</course></trkpt>
<trkpt lat="51.4531890" lon="-2.5408754"><time>2026-03-02T08:17:00.400000Z</time><speed>29.000</speed><course>102.00</course></trkpt>
<trkpt lat="51.4531781" lon="-2.5407936"><time>2026-03-02T08:17:00.600000Z</time><speed>29.000</speed><course>102.00</course></trkpt>
<trkpt lat="51.4531673" lon="-2.5407118"><time>2026-03-02T08:17:00.800000Z</time><speed>29.000</speed><course>102.00</course></trkpt>
<trkpt lat="51.4531565" lon="-2.5406300"><time>2026-03-02T08:17:01Z</time><speed>29.000</speed><course>102.00</course></trkpt>
<trkpt lat="51.4531456" lon="-2.5405483"><time>2026-03-02T08:17:01.200000Z</time><speed>29.000</speed><course>102.00</course></trkpt>
<trkpt lat="51.4531348" lon="-2.5404665"><time>2026-03-02T08:17:01.400000Z</time><speed>29.000</speed><course>102.00</course></trkpt>
<trkpt lat="51.4531240" lon="-2.5403847"><time>2026-03-02T08:17:01.600000Z</time><speed>29.000</speed><course>102.00</course></trkpt>
<trkpt lat="51.4531131" lon="-2.5403029"><time>2026-03-02T08:17:01.800000Z</time><speed>29.000</speed><course>102.00</course></trkpt>
<trkpt lat="51.4531023" lon="-2.5402211"><time>2026-03-02T08:17:02Z</time><speed>29.000</speed><course>102.00</course></trkpt>
<trkpt lat="51.4530915" lon="-2.5401393"><time>2026-03-02T08:17:02.200000Z</time><speed>29.000</speed><course>102.00</course></trkpt>
<trkpt lat="51.4530806" lon="-2.5400575"><time>2026-03-02T08:17:02.400000Z</time><speed>29.000</speed><course>102.00</course></trkpt>
<trkpt lat="51.4530698" lon="-2.5399758"><time>2026-03-02T08:17:02.600000Z</time><speed>29.000</speed><course>102.00</course></trkpt>
<trkpt lat="51.4530590" lon="-2.5398940"><time>2026-03-02T08:17:02.800000Z</time><speed>29.000</speed><course>102.00</course></trkpt>
<trkpt lat="51.4530481" lon="-2.5398122"><time>2026-03-02T08:17:03Z</time><speed>29.000</speed><course>102.00</course></trkpt>
<trkpt lat="51.4530373" lon="-2.5397304"><time>2026-03-02T08:17:03.200000Z</time><speed>29.000</speed><course>102.00</course></trkpt>
<trkpt lat="51.4530265" lon="-2.5396486"><time>2026-03-02T08:17:03.400000Z</time><speed>29.000</speed><course>102.00</course></trkpt>
<trkpt lat="51.4530156" lon="-2.5395668"><time>2026-03-02T08:17:03.600000Z</time><speed>29.000</speed><course>102.00</course></trkpt>
<trkpt lat="51.4530048" lon="-2.5394850"><time>2026-03-02T08:17:03.800000Z</time><speed>29.000</speed><course>102.00</course></trkpt>
<trkpt lat="51.4529940" lon="-2.5394033"><time>2026-03-02T08:17:04Z</time><speed>29.000</speed><course>102.00</course></trkpt>
<trkpt lat="51.4529831" lon="-2.5393215"><time>2026-03-02T08:17:04.200000Z</time><speed>29.000</speed><course>102.00</course></trkpt>
<trkpt lat="51.4529723" lon="-2.5392397"><time>2026-03-02T08:17:04.400000Z</time><speed>29.000</speed><course>102.00</course></trkpt>
<trkpt lat="51.4529615" lon="-2.5391579"><time>2026-03-02T08:17:04.600000Z</time><speed>29.000</speed><course>102.00</course></trkpt>
<trkpt lat="51.4529506" lon="-2.5390761"><time>2026-03-02T08:17:04.800000Z</time><speed>29.000</speed><course>102.00</course></trkpt>
<trkpt lat="51.4529398" lon="-2.5389943"><time>2026-03-02T08:17:05Z</time><speed>29.000</speed><course>102.00</course></trkpt>
<trkpt lat="51.4529290" lon="-2.5389125"><time>2026-03-02T08:17:05.200000Z</time><speed>29.000</speed><course>102.00</course></trkpt>
<trkpt lat="51.4529181" lon="-2.5388308"><time>2026-03-02T08:17:05.400000Z</time><speed>29.000</speed><course>102.00</course></trkpt>
<trkpt lat="51.4529073" lon="-2.5387490"><time>2026-03-02T08:17:05.600000Z</time><speed>29.000</speed><course>102.00</course></trkpt>
<trkpt lat="51.4528965" lon="-2.5386672"><time>2026-03-02T08:17:05.800000Z</time><speed>29.000</speed><course>102.00</course></trkpt>
<trkpt lat="51.4528856" lon="-2.5385854"><time>2026-03-02T08:17:06Z</time><speed>29.000</speed><course>102.00</course></trkpt>
<trkpt lat="51.4528748" lon="-2.5385036"><time>2026-03-02T08:17:06.200000Z</time><speed>29.000</speed><course>102.00</course></trkpt>
<trkpt lat="51.4528640" lon="-2.5384218"><time>2026-03-02T08:17:06.400000Z</time><speed>29.000</speed><course>102.00</course></trkpt>
<trkpt lat="51.4528531" lon="-2.5383400"><time>2026-03-02T08:17:06.600000Z</time><speed>29.000</speed><course>102.00</course></trkpt>
<trkpt lat="51.4528423" lon="-2.5382583"><time>2026-03-02T08:17:06.800000Z</time><speed>29.000</speed><course>102.00</course></trkpt>
<trkpt lat="51.4528315" lon="-2.5381765"><time>2026-03-02T08:17:07Z</time><speed>29.000</speed><course>102.00</course></trkpt>
<trkpt lat="51.4528206" lon="-2.5380947"><time>2026-03-02T08:17:07.200000Z</time><speed>29.000</speed><course>102.00</course></trkpt>
<trkpt lat="51.4528098" lon="-2.5380129"><time>2026-03-02T08:17:07.400000Z</time><speed>29.000</speed><course>102.00</course></trkpt>
<trkpt lat="51.4527990" lon="-2.5379311"><time>2026-03-02T08:17:07.600000Z</time><speed>29.000</speed><course>102.00</course></trkpt>
<trkpt lat="51.4527881" lon="-2.5378493"><time>2026-03-02T08:17:07.800000Z</time><speed>29.000</speed><course>102.00</course></trkpt>
<trkpt lat="51.4527773" lon="-2.5377676"><time>2026-03-02T08:17:08Z</time><speed>29.000</speed><course>102.00</course></trkpt>
<trkpt lat="51.4527665" lon="-2.5376858"><time>2026-03-02T08:17:08.200000Z</time><speed>29.000</speed><course>102.00</course></trkpt>
<trkpt lat="51.4527557" lon="-2.5376040"><time>2026-03-02T08:17:08.400000Z</time><speed>29.000</speed><course>102.00</course></trkpt>
<trkpt lat="51.4527448" lon="-2.5375222"><time>2026-03-02T08:17:08.600000Z</time><speed>29.000</speed><course>102.00</course></trkpt>
<trkpt lat="51.4527340" lon="-2.5374404"><time>2026-03-02T08:17:08.800000Z</time><speed>29.000</speed><course>102.00</course></trkpt>
<trkpt lat="51.4527232" lon="-2.5373586"><time>2026-03-02T08:17:09Z</time><speed>29.000</speed><course>102.00</course></trkpt>
<trkpt lat="51.4527123" lon="-2.5372768"><time>2026-03-02T08:17:09.200000Z</time><speed>29.000</speed><course>102.00</course></trkpt>
<trkpt lat="51.4527015" lon="-2.5371951"><time>2026-03-02T08:17:09.400000Z</time><speed>29.000</speed><course>102.00</course></trkpt>
<trkpt lat="51.4526907" lon="-2.5371133"><time>2026-03-02T08:17:09.600000Z</time><speed>29.000</speed><course>102.00</course></trkpt>
<trkpt lat="51.4526798" lon="-2.5370315"><time>2026-03-02T08:17:09.800000Z</time><speed>29.000</speed><course>102.00</course></trkpt>
<trkpt lat="51.4526690" lon="-2.5369497"><time>2026-03-02T08:17:10Z</time><speed>29.000</speed><course>102.00</course></trkpt>
<trkpt lat="51.4526582" lon="-2.5368679"><time>2026-03-02T08:17:10.200000Z</time><speed>29.000</speed><course>102.00</course></trkpt>
<trkpt lat="51.4526473" lon="-2.5367861"><time>2026-03-02T08:17:10.400000Z</time><speed>29.000</speed><course>102.00</course></trkpt>
<trkpt lat="51.4526365" lon="-2.5367043"><time>2026-03-02T08:17:10.600000Z</time><speed>29.000</speed><course>102.00</course></trkpt>
<trkpt lat="51.4526257" lon="-2.5366226"><time>2026-03-02T08:17:10.800000Z</time><speed>29.000</speed><course>102.00</course></trkpt>
<trkpt lat="51.4526148" lon="-2.5365408"><time>2026-03-02T08:17:11Z</time><speed>29.000</speed><course>102.00</course></trkpt>
<trkpt lat="51.4526040" lon="-2.5364590"><time>2026-03-02T08:17:11.200000Z</time><speed>29.000</speed><course>102.00</course></trkpt>
<trkpt lat="51.4525932" lon="-2.5363772"><time>2026-03-02T08:17:11.400000Z</time><speed>29.000</speed><course>102.00</course></trkpt>
<trkpt lat="51.4525823" lon="-2.5362954"><time>2026-03-02T08:17:11.600000Z</time><speed>29.000</speed><course>102.00</course></trkpt>
<trkpt lat="51.4525715" lon="-2.5362136"><time>2026-03-02T08:17:11.800000Z</time><speed>29.000</speed><course>102.00</course></trkpt>
<trkpt lat="51.4525607" lon="-2.5361318"><time>2026-03-02T08:17:12Z</time><speed>29.000</speed><course>102.00</course></trkpt>
<trkpt lat="51.4525498" lon="-2.5360501"><time>2026-03-02T08:17:12.200000Z</time><speed>29.000</speed><course>102.00</course></trkpt>
<trkpt lat="51.4525390" lon="-2.5359683"><time>2026-03-02T08:17:12.400000Z</time><speed>29.000</speed><course>102.00</course></trkpt>
<trkpt lat="51.4525282" lon="-2.5358865"><time>2026-03-02T08:17:12.600000Z</time><speed>29.000</speed><course>102.00</course></trkpt>
<trkpt lat="51.4525173" lon="-2.5358047"><time>2026-03-02T08:17:12.800000Z</time><speed>29.000</speed><course>102.00</course></trkpt>
<trkpt lat="51.4525065" lon="-2.5357229"><time>2026-03-02T08:17:13Z</time><speed>29.000</speed><course>102.00</course></trkpt>
<trkpt lat="51.4524957" lon="-2.5356411"><time>2026-03-02T08:17:13.200000Z</time><speed>29.000</speed><course>102.00</course></trkpt>
<trkpt lat="51.4524848" lon="-2.5355593"><time>2026-03-02T08:17:13.400000Z</time><speed>29.000</speed><course>102.00</course></trkpt>
<trkpt lat="51.4524740" lon="-2.5354776"><time>2026-03-02T08:17:13.600000Z</time><speed>29.000</speed><course>102.00</course></trkpt>
<trkpt lat="51.4524632" lon="-2.5353958"><time>2026-03-02T08:17:13.800000Z</time><speed>29.000</speed><course>102.00</course></trkpt>
<trkpt lat="51.4524523" lon="-2.5353140"><time>2026-03-02T08:17:14Z</time><speed>29.000</speed><course>102.00</course></trkpt>
<trkpt lat="51.4524415" lon="-2.5352322"><time>2026-03-02T08:17:14.200000Z</time><speed>29.000</speed><course>102.00</course></trkpt>
<trkpt lat="51.4524307" lon="-2.5351504"><time>2026-03-02T08:17:14.400000Z</time><speed>29.000</speed><course>102.00</course></trkpt>
<trkpt lat="51.4524198" lon="-2.5350686"><time>2026-03-02T08:17:14.600000Z</time><speed>29.000</speed><course>102.00</course></trkpt>
<trkpt lat="51.4524090" lon="-2.5349868"><time>2026-03-02T08:17:14.800000Z</time><speed>29.000</speed><course>102.00</course></trkpt>
<trkpt lat="51.4523982" lon="-2.5349051"><time>2026-03-02T08:17:15Z</time><speed>29.000</speed><course>102.00</course></trkpt>
<trkpt lat="51.4523873" lon="-2.5348233"><time>2026-03-02T08:17:15.200000Z</time><speed>29.000</speed><course>102.00</course></trkpt>
<trkpt lat="51.4523765" lon="-2.5347415"><time>2026-03-02T08:17:15.400000Z</time><speed>29.000</speed><course>102.00</course></trkpt>
<trkpt lat="51.4523657" lon="-2.5346597"><time>2026-03-02T08:17:15.600000Z</time><speed>29.000</speed><course>102.00</course></trkpt>
<trkpt lat="51.4523548" lon="-2.5345779"><time>2026-03-02T08:17:15.800000Z</time><speed>29.000</speed><course>102.00</course></trkpt>
<trkpt lat="51.4523440" lon="-2.5344961"><time>2026-03-02T08:17:16Z</time><speed>29.000</speed><course>102.00</course></trkpt>
<trkpt lat="51.4523332" lon="-2.5344143"><time>2026-03-02T08:17:16.200000Z</time><speed>29.000</speed><course>102.00</course></trkpt>
<trkpt lat="51.4523223" lon="-2.5343326"><time>2026-03-02T08:17:16.400000Z</time><speed>29.000</speed><course>102.00</course></trkpt>
<trkpt lat="51.4523115" lon="-2.5342508"><time>2026-03-02T08:17:16.600000Z</time><speed>29.000</speed><course>102.00</course></trkpt>
<trkpt lat="51.4523007" lon="-2.5341690"><time>2026-03-02T08:17:16.800000Z</time><speed>29.000</speed><course>102.00</course></trkpt>
<trkpt lat="51.4522898" lon="-2.5340872"><time>2026-03-02T08:17:17Z</time><speed>29.000</speed><course>102.00</course></trkpt>
<trkpt lat="51.4522790" lon="-2.5340054"><time>2026-03-02T08:17:17.200000Z</time><speed>29.000</speed><course>102.00</course></trkpt>
<trkpt lat="51.4522682" lon="-2.5339236"><time>2026-03-02T08:17:17.400000Z</time><speed>29.000</speed><course>102.00</course></trkpt>
<trkpt lat="51.4522573" lon="-2.5338418"><time>2026-03-02T08:17:17.600000Z</time><speed>29.000</speed><course>102.00</course></trkpt>
<trkpt lat="51.4522465" lon="-2.5337601"><time>2026-03-02T08:17:17.800000Z</time><speed>29.000</speed><course>102.00</course></trkpt>
<trkpt lat="51.4522357" lon="-2.5336783"><time>2026-03-02T08:17:18Z</time><speed>29.000</speed><course>102.00</course></trkpt>
<trkpt lat="51.4522249" lon="-2.5335965"><time>2026-03-02T08:17:18.200000Z</time><speed>29.000</speed><course>102.00</course></trkpt>
<trkpt lat="51.4522140" lon="-2.5335147"><time>2026-03-02T08:17:18.400000Z</time><speed>29.000</speed><course>102.00</course></trkpt>
<trkpt lat="51.4522032" lon="-2.5334329"><time>2026-03-02T08:17:18.600000Z</time><speed>29.000</speed><course>102.00</course></trkpt>
<trkpt lat="51.4521924" lon="-2.5333511"><time>2026-03-02T08:17:18.800000Z</time><speed>29.000</speed><course>102.00</course></trkpt>
<trkpt lat="51.4521815" lon="-2.5332693"><time>2026-03-02T08:17:19Z</time><speed>29.000</speed><course>102.00</course></trkpt>
<trkpt lat="51.4521707" lon="-2.5331876"><time>2026-03-02T08:17:19.200000Z</time><speed>29.000</speed><course>102.00</course></trkpt>
<trkpt lat="51.4521599" lon="-2.5331058"><time>2026-03-02T08:17:19.400000Z</time><speed>29.000</speed><course>102.00</course></trkpt>
<trkpt lat="51.4521490" lon="-2.5330240"><time>2026-03-02T08:17:19.600000Z</time><speed>29.000</speed><course>102.00</course></trkpt>
<trkpt lat="51.4521382" lon="-2.5329422"><time>2026-03-02T08:17:19.800000Z</time><speed>29.000</speed><course>102.00</course></trkpt>
<trkpt lat="51.4521274" lon="-2.5328604"><time>2026-03-02T08:17:20Z</time><speed>29.000</speed><course>102.00</course></trkpt>
<trkpt lat="51.4521165" lon="-2.5327786"><time>2026-03-02T08:17:20.200000Z</time><speed>29.000</speed><course>102.00</course></trkpt>
<trkpt lat="51.4521057" lon="-2.5326968"><time>2026-03-02T08:17:20.400000Z</time><speed>29.000</speed><course>102.00</course></trkpt>
<trkpt lat="51.4520949" lon="-2.5326151"><time>2026-03-02T08:17:20.600000Z</time><speed>29.000</speed><course>102.00</course></trkpt>
<trkpt lat="51.4520840" lon="-2.5325333"><time>2026-03-02T08:17:20.800000Z</time><speed>29.000</speed><course>102.00</course></trkpt>
<trkpt lat="51.4520732" lon="-2.5324515"><time>2026-03-02T08:17:21Z</time><speed>29.000</speed><course>102.00</course></trkpt>
<trkpt lat="51.4520624" lon="-2.5323697"><time>2026-03-02T08:17:21.200000Z</time><speed>29.000</speed><course>102.00</course></trkpt>
<trkpt lat="51.4520515" lon="-2.5322879"><time>2026-03-02T08:17:21.400000Z</time><speed>29.000</speed><course>102.00</course></trkpt>
<trkpt lat="51.4520407" lon="-2.5322061"><time>2026-03-02T08:17:21.600000Z</time><speed>29.000</speed><course>102.00</course></trkpt>
<trkpt lat="51.4520299" lon="-2.5321244"><time>2026-03-02T08:17:21.800000Z</time><speed>29.000</speed><course>102.00</course></trkpt>
<trkpt lat="51.4520190" lon="-2.5320426"><time>2026-03-02T08:17:22Z</time><speed>29.000</speed><course>102.00</course></trkpt>
<trkpt lat="51.4520082" lon="-2.5319608"><time>2026-03-02T08:17:22.200000Z</time><speed>29.000</speed><course>102.00</course></trkpt>
<trkpt lat="51.4519974" lon="-2.5318790"><time>2026-03-02T08:17:22.400000Z</time><speed>29.000</speed><course>102.00</course></trkpt>
<trkpt lat="51.4519865" lon="-2.5317972"><time>2026-03-02T08:17:22.600000Z</time><speed>29.000</speed><course>102.00</course></trkpt>
<trkpt lat="51.4519757" lon="-2.5317154"><time>2026-03-02T08:17:22.800000Z</time><speed>29.000</speed><course>102.00</course></trkpt>
<trkpt lat="51.4519649" lon="-2.5316336"><time>2026-03-02T08:17:23Z</time><speed>29.000</speed><course>102.00</course></trkpt>
<trkpt lat="51.4519540" lon="-2.5315519"><time>2026-03-02T08:17:23.200000Z</time><speed>29.000</speed><course>102.00</course></trkpt>
<trkpt lat="51.4519432" lon="-2.5314701"><time>2026-03-02T08:17:23.400000Z</time><speed>29.000</speed><course>102.00</course></trkpt>
<trkpt lat="51.4519324" lon="-2.5313883"><time>2026-03-02T08:17:23.600000Z</time><speed>29.000</speed><course>102.00</course></trkpt>
<trkpt lat="51.4519215" lon="-2.5313065"><time>2026-03-02T08:17:23.800000Z</time><speed>29.000</speed><course>102.00</course></trkpt>
<trkpt lat="51.4519107" lon="-2.5312247"><time>2026-03-02T08:17:24Z</time><speed>29.000</speed><course>102.00</course></trkpt>
<trkpt lat="51.4518999" lon="-2.5311429"><time>2026-03-02T08:17:24.200000Z</time><speed>29.000</speed><course>102.00</course></trkpt>
<trkpt lat="51.4518890" lon="-2.5310611"><time>2026-03-02T08:17:24.400000Z</time><speed>29.000</speed><course>102.00</course></trkpt>
<trkpt lat="51.4518782" lon="-2.5309794"><time>2026-03-02T08:17:24.600000Z</time><speed>29.000</speed><course>102.00</course></trkpt>
<trkpt lat="51.4518674" lon="-2.5308976"><time>2026-03-02T08:17:24.800000Z</time><speed>29.000</speed><course>102.00</course></trkpt>
<trkpt lat="51.4518565" lon="-2.5308158"><time>2026-03-02T08:17:25Z</time><speed>29.000</speed><course>102.00</course></trkpt>
<trkpt lat="51.4518457" lon="-2.5307340"><time>2026-03-02T08:17:25.200000Z</time><speed>29.000</speed><course>102.00</course></trkpt>
<trkpt lat="51.4518349" lon="-2.5306522"><time>2026-03-02T08:17:25.400000Z</time><speed>29.000</speed><course>102.00</course></trkpt>
<trkpt lat="51.4518240" lon="-2.5305704"><time>2026-03-02T08:17:25.600000Z</time><speed>29.000</speed><course>102.00</course></trkpt>
<trkpt lat="51.4518132" lon="-2.5304886"><time>2026-03-02T08:17:25.800000Z</time><speed>29.000</speed><course>102.00</course></trkpt>
<trkpt lat="51.4518024" lon="-2.5304069"><time>2026-03-02T08:17:26Z</time><speed>29.000</speed><course>102.00</course></trkpt>
<trkpt lat="51.4517915" lon="-2.5303251"><time>2026-03-02T08:17:26.200000Z</time><speed>29.000</speed><course>102.00</course></trkpt>
<trkpt lat="51.4517807" lon="-2.5302433"><time>2026-03-02T08:17:26.400000Z</time><speed>29.000</speed><course>102.00</course></trkpt>
<trkpt lat="51.4517699" lon="-2.5301615"><time>2026-03-02T08:17:26.600000Z</time><speed>29.000</speed><course>102.00</course></trkpt>
<trkpt lat="51.4517590" lon="-2.5300797"><time>2026-03-02T08:17:26.800000Z</time><speed>29.000</speed><course>102.00</course></trkpt>
<trkpt lat="51.4517482" lon="-2.5299979"><time>2026-03-02T08:17:27Z</time><speed>29.000</speed><course>102.00</course></trkpt>
<trkpt lat="51.4517374" lon="-2.5299161"><time>2026-03-02T08:17:27.200000Z</time><speed>29.000</speed><course>102.00</course></trkpt>
<trkpt lat="51.4517266" lon="-2.5298344"><time>2026-03-02T08:17:27.400000Z</time><speed>29.000</speed><course>102.00</course></trkpt>
<trkpt lat="51.4517157" lon="-2.5297526"><time>2026-03-02T08:17:27.600000Z</time><speed>29.000</speed><course>102.00</course></trkpt>
<trkpt lat="51.4517049" lon="-2.5296708"><time>2026-03-02T08:17:27.800000Z</time><speed>29.000</speed><course>102.00</course></trkpt>
<trkpt lat="51.4516941" lon="-2.5295890"><time>2026-03-02T08:17:28Z</time><speed>29.000</speed><course>102.00</course></trkpt>
<trkpt lat="51.4516832" lon="-2.5295072"><time>2026-03-02T08:17:28.200000Z</time><speed>29.000</speed><course>102.00</course></trkpt>
<trkpt lat="51.4516724" lon="-2.5294254"><time>2026-03-02T08:17:28.400000Z</time><speed>29.000</speed><course>102.00</course></trkpt>
<trkpt lat="51.4516616" lon="-2.5293436"><time>2026-03-02T08:17:28.600000Z</time><speed>29.000</speed><course>102.00</course></trkpt>
<trkpt lat="51.4516507" lon="-2.5292619"><time>2026-03-02T08:17:28.800000Z</time><speed>29.000</speed><course>102.00</course></trkpt>
<trkpt lat="51.4516399" lon="-2.5291801"><time>2026-03-02T08:17:29Z</time><speed>29.000</speed><course>102.00</course></trkpt>
<trkpt lat="51.4516291" lon="-2.5290983"><time>2026-03-02T08:17:29.200000Z</time><speed>29.000</speed><course>102.00</course></trkpt>
<trkpt lat="51.4516182" lon="-2.5290165"><time>2026-03-02T08:17:29.400000Z</time><speed>29.000</speed><course>102.00</course></trkpt>
<trkpt lat="51.4516074" lon="-2.5289347"><time>2026-03-02T08:17:29.600000Z</time><speed>29.000</speed><course>102.00</course></trkpt>
<trkpt lat="51.4515966" lon="-2.5288529"><time>2026-03-02T08:17:29.800000Z</time><speed>29.000</speed><course>102.00</course></trkpt>
<trkpt lat="51.4515857" lon="-2.5287711"><time>2026-03-02T08:17:30Z</time><speed>29.000</speed><course>102.00</course></trkpt>
<trkpt lat="51.4515749" lon="-2.5286894"><time>2026-03-02T08:17:30.200000Z</time><speed>29.000</speed><course>102.00</course></trkpt>
<trkpt lat="51.4515641" lon="-2.5286076"><time>2026-03-02T08:17:30.400000Z</time><speed>29.000</speed><course>102.00</course></trkpt>
<trkpt lat="51.4515532" lon="-2.5285258"><time>2026-03-02T08:17:30.600000Z</time><speed>29.000</speed><course>102.00</course></trkpt>
<trkpt lat="51.4515424" lon="-2.5284440"><time>2026-03-02T08:17:30.800000Z</time><speed>29.000</speed><course>102.00</course></trkpt>
<trkpt lat="51.4515316" lon="-2.5283622"><time>2026-03-02T08:17:31Z</time><speed>29.000</speed><course>102.00</course></trkpt>
<trkpt lat="51.4515207" lon="-2.5282804"><time>2026-03-02T08:17:31.200000Z</time><speed>29.000</speed><course>102.00</course></trkpt>
<trkpt lat="51.4515099" lon="-2.5281986"><time>2026-03-02T08:17:31.400000Z</time><speed>29.000</speed><course>102.00</course></trkpt>
<trkpt lat="51.4514991" lon="-2.5281169"><time>2026-03-02T08:17:31.600000Z</time><speed>29.000</speed><course>102.00</course></trkpt>
<trkpt lat="51.4514882" lon="-2.5280351"><time>2026-03-02T08:17:31.800000Z</time><speed>29.000</speed><course>102.00</course></trkpt>
<trkpt lat="51.4514774" lon="-2.5279533"><time>2026-03-02T08:17:32Z</time><speed>29.000</speed><course>102.00</course></trkpt>
<trkpt lat="51.4514666" lon="-2.5278715"><time>2026-03-02T08:17:32.200000Z</time><speed>29.000</speed><course>102.00</course></trkpt>
<trkpt lat="51.4514557" lon="-2.5277897"><time>2026-03-02T08:17:32.400000Z</time><speed>29.000</speed><course>102.00</course></trkpt>
<trkpt lat="51.4514449" lon="-2.5277079"><time>2026-03-02T08:17:32.600000Z</time><speed>29.000</speed><course>102.00</course></trkpt>
<trkpt lat="51.4514341" lon="-2.5276261"><time>2026-03-02T08:17:32.800000Z</time><speed>29.000</speed><course>102.00</course></trkpt>
<trkpt lat="51.4514232" lon="-2.5275444"><time>2026-03-02T08:17:33Z</time><speed>29.000</speed><course>102.00</course></trkpt>
<trkpt lat="51.4514124" lon="-2.5274626"><time>2026-03-02T08:17:33.200000Z</time><speed>29.000</speed><course>102.00</course></trkpt>
<trkpt lat="51.4514016" lon="-2.5273808"><time>2026-03-02T08:17:33.400000Z</time><speed>29.000</speed><course>102.00</course></trkpt>
<trkpt lat="51.4513907" lon="-2.5272990"><time>2026-03-02T08:17:33.600000Z</time><speed>29.000</speed><course>102.00</course></trkpt>
<trkpt lat="51.4513799" lon="-2.5272172"><time>2026-03-02T08:17:33.800000Z</time><speed>29.000</speed><course>102.00</course></trkpt>
<trkpt lat="51.4513691" lon="-2.5271354"><time>2026-03-02T08:17:34Z</time><speed>29.000</speed><course>102.00</course></trkpt>
<trkpt lat="51.4513582" lon="-2.5270536"><time>2026-03-02T08:17:34.200000Z</time><speed>29.000</speed><course>102.00</course></trkpt>
<trkpt lat="51.4513474" lon="-2.5269719"><time>2026-03-02T08:17:34.400000Z</time><speed>29.000</speed><course>102.00</course></trkpt>
<trkpt lat="51.4513366" lon="-2.5268901"><time>2026-03-02T08:17:34.600000Z</time><speed>29.000</speed><course>102.00</course></trkpt>
<trkpt lat="51.4513257" lon="-2.5268083"><time>2026-03-02T08:17:34.800000Z</time><speed>29.000</speed><course>102.00</course></trkpt>
<trkpt lat="51.4513149" lon="-2.5267265"><time>2026-03-02T08:17:35Z</time><speed>29.000</speed><course>102.00</course></trkpt>
<trkpt lat="51.4513041" lon="-2.5266447"><time>2026-03-02T08:17:35.200000Z</time><speed>29.000</speed><course>102.00</course></trkpt>
<trkpt lat="51.4512932" lon="-2.5265629"><time>2026-03-02T08:17:35.400000Z</time><speed>29.000</speed><course>102.00</course></trkpt>
<trkpt lat="51.4512824" lon="-2.5264811"><time>2026-03-02T08:17:35.600000Z</time><speed>29.000</speed><course>102.00</course></trkpt>
<trkpt lat="51.4512716" lon="-2.5263994"><time>2026-03-02T08:17:35.800000Z</time><speed>29.000</speed><course>102.00</course></trkpt>
<trkpt lat="51.4512607" lon="-2.5263176"><time>2026-03-02T08:17:36Z</time><speed>29.000</speed><course>102.00</course></trkpt>
<trkpt lat="51.4512499" lon="-2.5262358"><time>2026-03-02T08:17:36.200000Z</time><speed>29.000</speed><course>102.00</course></trkpt>
<trkpt lat="51.4512391" lon="-2.5261540"><time>2026-03-02T08:17:36.400000Z</time><speed>29.000</speed><course>102.00</course></trkpt>
<trkpt lat="51.4512283" lon="-2.5260722"><time>2026-03-02T08:17:36.600000Z</time><speed>29.000</speed><course>102.00</course></trkpt>
<trkpt lat="51.4512174" lon="-2.5259904"><time>2026-03-02T08:17:36.800000Z</time><speed>29.000</speed><course>102.00</course></trkpt>
<trkpt lat="51.4512066" lon="-2.5259087"><time>2026-03-02T08:17:37Z</time><speed>29.000</speed><course>102.00</course></trkpt>
<trkpt lat="51.4511958" lon="-2.5258269"><time>2026-03-02T08:17:37.200000Z</time><speed>29.000</speed><course>102.00</course></trkpt>
<trkpt lat="51.4511849" lon="-2.5257451"><time>2026-03-02T08:17:37.400000Z</time><speed>29.000</speed><course>102.00</course></trkpt>
<trkpt lat="51.4511741" lon="-2.5256633"><time>2026-03-02T08:17:37.600000Z</time><speed>29.000</speed><course>102.00</course></trkpt>
<trkpt lat="51.4511633" lon="-2.5255815"><time>2026-03-02T08:17:37.800000Z</time><speed>29.000</speed><course>102.00</course></trkpt>
<trkpt lat="51.4511524" lon="-2.5254997"><time>2026-03-02T08:17:38Z</time><speed>29.000</speed><course>102.00</course></trkpt>
<trkpt lat="51.4511416" lon="-2.5254179"><time>2026-03-02T08:17:38.200000Z</time><speed>29.000</speed><course>102.00</course></trkpt>
<trkpt lat="51.4511308" lon="-2.5253362"><time>2026-03-02T08:17:38.400000Z</time><speed>29.000</speed><course>102.00</course></trkpt>
<trkpt lat="51.4511199" lon="-2.5252544"><time>2026-03-02T08:17:38.600000Z</time><speed>29.000</speed><course>102.00</course></trkpt>
<trkpt lat="51.4511091" lon="-2.5251726"><time>2026-03-02T08:17:38.800000Z</time><speed>29.000</speed><course>102.00</course></trkpt>
<trkpt lat="51.4510983" lon="-2.5250908"><time>2026-03-02T08:17:39Z</time><speed>29.000</speed><course>102.00</course></trkpt>
<trkpt lat="51.4510874" lon="-2.5250090"><time>2026-03-02T08:17:39.200000Z</time><speed>29.000</speed><course>102.00</course></trkpt>
<trkpt lat="51.4510766" lon="-2.5249272"><time>2026-03-02T08:17:39.400000Z</time><speed>29.000</speed><course>102.00</course></trkpt>
<trkpt lat="51.4510658" lon="-2.5248454"><time>2026-03-02T08:17:39.600000Z</time><speed>29.000</speed><course>102.00</course></trkpt>
<trkpt lat="51.4510549" lon="-2.5247637"><time>2026-03-02T08:17:39.800000Z</time><speed>29.000</speed><course>102.00</course></trkpt>
<trkpt lat="51.4510441" lon="-2.5246819"><time>2026-03-02T08:17:40Z</time><speed>29.000</speed><course>102.00</course></trkpt>
<trkpt lat="51.4510333" lon="-2.5246001"><time>2026-03-02T08:17:40.200000Z</time><speed>29.000</speed><course>102.00</course></trkpt>
<trkpt lat="51.4510224" lon="-2.5245183"><time>2026-03-02T08:17:40.400000Z</time><speed>29.000</speed><course>102.00</course></trkpt>
<trkpt lat="51.4510116" lon="-2.5244365"><time>2026-03-02T08:17:40.600000Z</time><speed>29.000</speed><course>102.00</course></trkpt>
<trkpt lat="51.4510008" lon="-2.5243547"><time>2026-03-02T08:17:40.800000Z</time><speed>29.000</speed><course>102.00</course></trkpt>
<trkpt lat="51.4509899" lon="-2.5242729"><time>2026-03-02T08:17:41Z</time><speed>29.000</speed><course>102.00</course></trkpt>
<trkpt lat="51.4509791" lon="-2.5241912"><time>2026-03-02T08:17:41.200000Z</time><speed>29.000</speed><course>102.00</course></trkpt>
<trkpt lat="51.4509683" lon="-2.5241094"><time>2026-03-02T08:17:41.400000Z</time><speed>29.000</speed><course>102.00</course></trkpt>
<trkpt lat="51.4509574" lon="-2.5240276"><time>2026-03-02T08:17:41.600000Z</time><speed>29.000</speed><course>102.00</course></trkpt>
<trkpt lat="51.4509466" lon="-2.5239458"><time>2026-03-02T08:17:41.800000Z</time><speed>29.000</speed><course>102.00</course></trkpt>
<trkpt lat="51.4509358" lon="-2.5238640"><time>2026-03-02T08:17:42Z</time><speed>29.000</speed><course>102.00</course></trkpt>
<trkpt lat="51.4509249" lon="-2.5237822"><time>2026-03-02T08:17:42.200000Z</time><speed>29.000</speed><course>102.00</course></trkpt>
<trkpt lat="51.4509141" lon="-2.5237004"><time>2026-03-02T08:17:42.400000Z</time><speed>29.000</speed><course>102.00</course></trkpt>
<trkpt lat="51.4509033" lon="-2.5236187"><time>2026-03-02T08:17:42.600000Z</time><speed>29.000</speed><course>102.00</course></trkpt>
<trkpt lat="51.4508924" lon="-2.5235369"><time>2026-03-02T08:17:42.800000Z</time><speed>29.000</speed><course>102.00</course></trkpt>
<trkpt lat="51.4508816" lon="-2.5234551"><time>2026-03-02T08:17:43Z</time><speed>29.000</speed><course>102.00</course></trkpt>
<trkpt lat="51.4508708" lon="-2.5233733"><time>2026-03-02T08:17:43.200000Z</time><speed>29.000</speed><course>102.00</course></trkpt>
<trkpt lat="51.4508599" lon="-2.5232915"><time>2026-03-02T08:17:43.400000Z</time><speed>29.000</speed><course>102.00</course></trkpt>
<trkpt lat="51.4508491" lon="-2.5232097"><time>2026-03-02T08:17:43.600000Z</time><speed>29.000</speed><course>102.00</course></trkpt>
<trkpt lat="51.4508383" lon="-2.5231279"><time>2026-03-02T08:17:43.800000Z</time><speed>29.000</speed><course>102.00</course></trkpt>
<trkpt lat="51.4508274" lon="-2.5230462"><time>2026-03-02T08:17:44Z</time><speed>29.000</speed><course>102.00</course></trkpt>
<trkpt lat="51.4508166" lon="-2.5229644"><time>2026-03-02T08:17:44.200000Z</time><speed>29.000</speed><course>102.00</course></trkpt>
<trkpt lat="51.4508058" lon="-2.5228826"><time>2026-03-02T08:17:44.400000Z</time><speed>29.000</speed><course>102.00</course></trkpt>
<trkpt lat="51.4507949" lon="-2.5228008"><time>2026-03-02T08:17:44.600000Z</time><speed>29.000</speed><course>102.00</course></trkpt>
<trkpt lat="51.4507841" lon="-2.5227190"><time>2026-03-02T08:17:44.800000Z</time><speed>29.000</speed><course>102.00</course></trkpt>
<trkpt lat="51.4507733" lon="-2.5226372"><time>2026-03-02T08:17:45Z</time><speed>29.000</speed><course>102.00</course></trkpt>
<trkpt lat="51.4507624" lon="-2.5225554"><time>2026-03-02T08:17:45.200000Z</time><speed>29.000</speed><course>102.00</course></trkpt>
<trkpt lat="51.4507516" lon="-2.5224737"><time>2026-03-02T08:17:45.400000Z</time><speed>29.000</speed><course>102.00</course></trkpt>
<trkpt lat="51.4507408" lon="-2.5223919"><time>2026-03-02T08:17:45.600000Z</time><speed>29.000</speed><course>102.00</course></trkpt>
<trkpt lat="51.4507299" lon="-2.5223101"><time>2026-03-02T08:17:45.800000Z</time><speed>29.000</speed><course>102.00</course></trkpt>
<trkpt lat="51.4507191" lon="-2.5222283"><time>2026-03-02T08:17:46Z</time><speed>29.000</speed><course>102.00</course></trkpt>
<trkpt lat="51.4507083" lon="-2.5221465"><time>2026-03-02T08:17:46.200000Z</time><speed>29.000</speed><course>102.00</course></trkpt>
<trkpt lat="51.4506975" lon="-2.5220647"><time>2026-03-02T08:17:46.400000Z</time><speed>29.000</speed><course>102.00</course></trkpt>
<trkpt lat="51.4506866" lon="-2.5219829"><time>2026-03-02T08:17:46.600000Z</time><speed>29.000</speed><course>102.00</course></trkpt>
<trkpt lat="51.4506758" lon="-2.5219012"><time>2026-03-02T08:17:46.800000Z</time><speed>29.000</speed><course>102.00</course></trkpt>
<trkpt lat="51.4506650" lon="-2.5218194"><time>2026-03-02T08:17:47Z</time><speed>29.000</speed><course>102.00</course></trkpt>
<trkpt lat="51.4506541" lon="-2.5217376"><time>2026-03-02T08:17:47.200000Z</time><speed>29.000</speed><course>102.00</course></trkpt>
<trkpt lat="51.4506433" lon="-2.5216558"><time>2026-03-02T08:17:47.400000Z</time><speed>29.000</speed><course>102.00</course></trkpt>
<trkpt lat="51.4506325" lon="-2.5215740"><time>2026-03-02T08:17:47.600000Z</time><speed>29.000</speed><course>102.00</course></trkpt>
<trkpt lat="51.4506216" lon="-2.5214922"><time>2026-03-02T08:17:47.800000Z</time><speed>29.000</speed><course>102.00</course></trkpt>
<trkpt lat="51.4506108" lon="-2.5214104"><time>2026-03-02T08:17:48Z</time><speed>29.000</speed><course>102.00</course></trkpt>
<trkpt lat="51.4506000" lon="-2.5213287"><time>2026-03-02T08:17:48.200000Z</time><speed>29.000</speed><course>102.00</course></trkpt>
<trkpt lat="51.4505891" lon="-2.5212469"><time>2026-03-02T08:17:48.400000Z</time><speed>29.000</speed><course>102.00</course></trkpt>
<trkpt lat="51.4505783" lon="-2.5211651"><time>2026-03-02T08:17:48.600000Z</time><speed>29.000</speed><course>102.00</course></trkpt>
<trkpt lat="51.4505675" lon="-2.5210833"><time>2026-03-02T08:17:48.800000Z</time><speed>29.000</speed><course>102.00</course></trkpt>
<trkpt lat="51.4505566" lon="-2.5210015"><time>2026-03-02T08:17:49Z</time><speed>29.000</speed><course>102.00</course></trkpt>
<trkpt lat="51.4505458" lon="-2.5209197"><time>2026-03-02T08:17:49.200000Z</time><speed>29.000</speed><course>102.00</course></trkpt>
<trkpt lat="51.4505350" lon="-2.5208379"><time>2026-03-02T08:17:49.400000Z</time><speed>29.000</speed><course>102.00</course></trkpt>
<trkpt lat="51.4505241" lon="-2.5207562"><time>2026-03-02T08:17:49.600000Z</time><speed>29.000</speed><course>102.00</course></trkpt>
<trkpt lat="51.4505133" lon="-2.5206744"><time>2026-03-02T08:17:49.800000Z</time><speed>29.000</speed><course>102.00</course></trkpt>
<trkpt lat="51.4505025" lon="-2.5205926"><time>2026-03-02T08:17:50Z</time><speed>29.000</speed><course>102.00</course></trkpt>
<trkpt lat="51.4504916" lon="-2.5205108"><time>2026-03-02T08:17:50.200000Z</time><speed>29.000</speed><course>102.00</course></trkpt>
<trkpt lat="51.4504808" lon="-2.5204290"><time>2026-03-02T08:17:50.400000Z</time><speed>29.000</speed><course>102.00</course></trkpt>
<trkpt lat="51.4504700" lon="-2.5203472"><time>2026-03-02T08:17:50.600000Z</time><speed>29.000</speed><course>102.00</course></trkpt>
<trkpt lat="51.4504591" lon="-2.5202655"><time>2026-03-02T08:17:50.800000Z</time><speed>29.000</speed><course>102.00</course></trkpt>
<trkpt lat="51.4504483" lon="-2.5201837"><time>2026-03-02T08:17:51Z</time><speed>29.000</speed><course>102.00</course></trkpt>
<trkpt lat="51.4504375" lon="-2.5201019"><time>2026-03-02T08:17:51.200000Z</time><speed>29.000</speed><course>102.00</course></trkpt>
<trkpt lat="51.4504266" lon="-2.5200201"><time>2026-03-02T08:17:51.400000Z</time><speed>29.000</speed><course>102.00</course></trkpt>
<trkpt lat="51.4504158" lon="-2.5199383"><time>2026-03-02T08:17:51.600000Z</time><speed>29.000</speed><course>102.00</course></trkpt>
<trkpt lat="51.4504050" lon="-2.5198565"><time>2026-03-02T08:17:51.800000Z</time><speed>29.000</speed><course>102.00</course></trkpt>
<trkpt lat="51.4503941" lon="-2.5197747"><time>2026-03-02T08:17:52Z</time><speed>29.000</speed><course>102.00</course></trkpt>
<trkpt lat="51.4503833" lon="-2.5196930"><time>2026-03-02T08:17:52.200000Z</time><speed>29.000</speed><course>102.00</course></trkpt>
<trkpt lat="51.4503725" lon="-2.5196112"><time>2026-03-02T08:17:52.400000Z</time><speed>29.000</speed><course>102.00</course></trkpt>
<trkpt lat="51.4503616" lon="-2.5195294"><time>2026-03-02T08:17:52.600000Z</time><speed>29.000</speed><course>102.00</course></trkpt>
<trkpt lat="51.4503508" lon="-2.5194476"><time>2026-03-02T08:17:52.800000Z</time><speed>29.000</speed><course>102.00</course></trkpt>
<trkpt lat="51.4503400" lon="-2.5193658"><time>2026-03-02T08:17:53Z</time><speed>29.000</speed><course>102.00</course></trkpt>
<trkpt lat="51.4503291" lon="-2.5192840"><time>2026-03-02T08:17:53.200000Z</time><speed>29.000</speed><course>102.00</course></trkpt>
<trkpt lat="51.4503183" lon="-2.5192022"><time>2026-03-02T08:17:53.400000Z</time><speed>29.000</speed><course>102.00</course></trkpt>
<trkpt lat="51.4503075" lon="-2.5191205"><time>2026-03-02T08:17:53.600000Z</time><speed>29.000</speed><course>102.00</course></trkpt>
<trkpt lat="51.4502966" lon="-2.5190387"><time>2026-03-02T08:17:53.800000Z</time><speed>29.000</speed><course>102.00</course></trkpt>
<trkpt lat="51.4502858" lon="-2.5189569"><time>2026-03-02T08:17:54Z</time><speed>29.000</speed><course>102.00</course></trkpt>
<trkpt lat="51.4502750" lon="-2.5188751"><time>2026-03-02T08:17:54.200000Z</time><speed>29.000</speed><course>102.00</course></trkpt>
<trkpt lat="51.4502641" lon="-2.5187933"><time>2026-03-02T08:17:54.400000Z</time><speed>29.000</speed><course>102.00</course></trkpt>
<trkpt lat="51.4502533" lon="-2.5187115"><time>2026-03-02T08:17:54.600000Z</time><speed>29.000</speed><course>102.00</course></trkpt>
<trkpt lat="51.4502425" lon="-2.5186297"><time>2026-03-02T08:17:54.800000Z</time><speed>29.000</speed><course>102.00</course></trkpt>
<trkpt lat="51.4502316" lon="-2.5185480"><time>2026-03-02T08:17:55Z</time><speed>29.000</speed><course>102.00</course></trkpt>
<trkpt lat="51.4502208" lon="-2.5184662"><time>2026-03-02T08:17:55.200000Z</time><speed>29.000</speed><course>102.00</course></trkpt>
<trkpt lat="51.4502100" lon="-2.5183844"><time>2026-03-02T08:17:55.400000Z</time><speed>29.000</speed><course>102.00</course></trkpt>
<trkpt lat="51.4501992" lon="-2.5183026"><time>2026-03-02T08:17:55.600000Z</time><speed>29.000</speed><course>102.00</course></trkpt>
<trkpt lat="51.4501883" lon="-2.5182208"><time>2026-03-02T08:17:55.800000Z</time><speed>29.000</speed><course>102.00</course></trkpt>
<trkpt lat="51.4501775" lon="-2.5181390"><time>2026-03-02T08:17:56Z</time><speed>29.000</speed><course>102.00</course></trkpt>
<trkpt lat="51.4501667" lon="-2.5180572"><time>2026-03-02T08:17:56.200000Z</time><speed>29.000</speed><course>102.00</course></trkpt>
<trkpt lat="51.4501558" lon="-2.5179755"><time>2026-03-02T08:17:56.400000Z</time><speed>29.000</speed><course>102.00</course></trkpt>
<trkpt lat="51.4501450" lon="-2.5178937"><time>2026-03-02T08:17:56.600000Z</time><speed>29.000</speed><course>102.00</course></trkpt>
<trkpt lat="51.4501342" lon="-2.5178119"><time>2026-03-02T08:17:56.800000Z</time><speed>29.000</speed><course>102.00</course></trkpt>
<trkpt lat="51.4501233" lon="-2.5177301"><time>2026-03-02T08:17:57Z</time><speed>29.000</speed><course>102.00</course></trkpt>
<trkpt lat="51.4501125" lon="-2.5176483"><time>2026-03-02T08:17:57.200000Z</time><speed>29.000</speed><course>102.00</course></trkpt>
<trkpt lat="51.4501017" lon="-2.5175665"><time>2026-03-02T08:17:57.400000Z</time><speed>29.000</speed><course>102.00</course></trkpt>
<trkpt lat="51.4500908" lon="-2.5174847"><time>2026-03-02T08:17:57.600000Z</time><speed>29.000</speed><course>102.00</course></trkpt>
<trkpt lat="51.4500800" lon="-2.5174030"><time>2026-03-02T08:17:57.800000Z</time><speed>29.000</speed><course>102.00</course></trkpt>
<trkpt lat="51.4500692" lon="-2.5173212"><time>2026-03-02T08:17:58Z</time><speed>29.000</speed><course>102.00</course></trkpt>
<trkpt lat="51.4500584" lon="-2.5172396"><time>2026-03-02T08:17:58.200000Z</time><speed>28.928</speed><course>102.00</course></trkpt>
<trkpt lat="51.4500476" lon="-2.5171582"><time>2026-03-02T08:17:58.400000Z</time><speed>28.856</speed><course>102.00</course></trkpt>
<trkpt lat="51.4500368" lon="-2.5170770"><time>2026-03-02T08:17:58.600000Z</time><speed>28.784</speed><course>102.00</course></trkpt>
<trkpt lat="51.4500261" lon="-2.5169961"><time>2026-03-02T08:17:58.800000Z</time><speed>28.712</speed><course>102.00</course></trkpt>
<trkpt lat="51.4500154" lon="-2.5169153"><time>2026-03-02T08:17:59Z</time><speed>28.640</speed><course>102.00</course></trkpt>
<trkpt lat="51.4500047" lon="-2.5168347"><time>2026-03-02T08:17:59.200000Z</time><speed>28.568</speed><course>102.00</course></trkpt>
<trkpt lat="51.4499941" lon="-2.5167544"><time>2026-03-02T08:17:59.400000Z</time><speed>28.496</speed><course>102.00</course></trkpt>
<trkpt lat="51.4499835" lon="-2.5166742"><time>2026-03-02T08:17:59.600000Z</time><speed>28.424</speed><course>102.00</course></trkpt>
<trkpt lat="51.4499729" lon="-2.5165942"><time>2026-03-02T08:17:59.800000Z</time><speed>28.352</speed><course>102.00</course></trkpt>
<trkpt lat="51.4499623" lon="-2.5165145"><time>2026-03-02T08:18:00Z</time><speed>28.280</speed><course>102.00</course></trkpt>
<trkpt lat="51.4499518" lon="-2.5164349"><time>2026-03-02T08:18:00.200000Z</time><speed>28.208</speed><course>102.00</course></trkpt>
<trkpt lat="51.4499413" lon="-2.5163556"><time>2026-03-02T08:18:00.400000Z</time><speed>28.136</speed><course>102.00</course></trkpt>
<trkpt lat="51.4499308" lon="-2.5162764"><time>2026-03-02T08:18:00.600000Z</time><speed>28.064</speed><course>102.00</course></trkpt>
<trkpt lat="51.4499203" lon="-2.5161975"><time>2026-03-02T08:18:00.800000Z</time><speed>27.992</speed><course>102.00</course></trkpt>
<trkpt lat="51.4499099" lon="-2.5161188"><time>2026-03-02T08:18:01Z</time><speed>27.920</speed><course>102.00</course></trkpt>
<trkpt lat="51.4498995" lon="-2.5160402"><time>2026-03-02T08:18:01.200000Z</time><speed>27.848</speed><course>102.00</course></trkpt>
<trkpt lat="51.4498891" lon="-2.5159619"><time>2026-03-02T08:18:01.400000Z</time><speed>27.776</speed><course>102.00</course></trkpt>
<trkpt lat="51.4498788" lon="-2.5158838"><time>2026-03-02T08:18:01.600000Z</time><speed>27.704</speed><course>102.00</course></trkpt>
<trkpt lat="51.4498684" lon="-2.5158058"><time>2026-03-02T08:18:01.800000Z</time><speed>27.632</speed><course>102.00</course></trkpt>
<trkpt lat="51.4498582" lon="-2.5157281"><time>2026-03-02T08:18:02Z</time><speed>27.560</speed><course>102.00</course></trkpt>
<trkpt lat="51.4498479" lon="-2.5156506"><time>2026-03-02T08:18:02.200000Z</time><speed>27.488</speed><course>102.00</course></trkpt>
<trkpt lat="51.4498376" lon="-2.5155733"><time>2026-03-02T08:18:02.400000Z</time><speed>27.416</speed><course>102.00</course></trkpt>
<trkpt lat="51.4498274" lon="-2.5154961"><time>2026-03-02T08:18:02.600000Z</time><speed>27.344</speed><course>102.00</course></trkpt>
<trkpt lat="51.4498172" lon="-2.5154192"><time>2026-03-02T08:18:02.800000Z</time><speed>27.272</speed><course>102.00</course></trkpt>
<trkpt lat="51.4498071" lon="-2.5153425"><time>2026-03-02T08:18:03Z</time><speed>27.200</speed><course>102.00</course></trkpt>
<trkpt lat="51.4497970" lon="-2.5152660"><time>2026-03-02T08:18:03.200000Z</time><speed>27.128</speed><course>102.00</course></trkpt>
<trkpt lat="51.4497868" lon="-2.5151897"><time>2026-03-02T08:18:03.400000Z</time><speed>27.056</speed><course>102.00</course></trkpt>
<trkpt lat="51.4497768" lon="-2.5151136"><time>2026-03-02T08:18:03.600000Z</time><speed>26.984</speed><course>102.00</course></trkpt>
<trkpt lat="51.4497667" lon="-2.5150377"><time>2026-03-02T08:18:03.800000Z</time><speed>26.912</speed><course>102.00</course></trkpt>
<trkpt lat="51.4497567" lon="-2.5149620"><time>2026-03-02T08:18:04Z</time><speed>26.840</speed><course>102.00</course></trkpt>
<trkpt lat="51.4497467" lon="-2.5148865"><time>2026-03-02T08:18:04.200000Z</time><speed>26.768</speed><course>102.00</course></trkpt>
<trkpt lat="51.4497367" lon="-2.5148112"><time>2026-03-02T08:18:04.400000Z</time><speed>26.696</speed><course>102.00</course></trkpt>
<trkpt lat="51.4497268" lon="-2.5147362"><time>2026-03-02T08:18:04.600000Z</time><speed>26.624</speed><course>102.00</course></trkpt>
<trkpt lat="51.4497169" lon="-2.5146613"><time>2026-03-02T08:18:04.800000Z</time><speed>26.552</speed><course>102.00</course></trkpt>
<trkpt lat="51.4497070" lon="-2.5145866"><time>2026-03-02T08:18:05Z</time><speed>26.480</speed><course>102.00</course></trkpt>
<trkpt lat="51.4496971" lon="-2.5145121"><time>2026-03-02T08:18:05.200000Z</time><speed>26.408</speed><course>102.00</course></trkpt>
<trkpt lat="51.4496873" lon="-2.5144379"><time>2026-03-02T08:18:05.400000Z</time><speed>26.336</speed><course>102.00</course></trkpt>
<trkpt lat="51.4496774" lon="-2.5143638"><time>2026-03-02T08:18:05.600000Z</time><speed>26.264</speed><course>102.00</course></trkpt>
<trkpt lat="51.4496677" lon="-2.5142899"><time>2026-03-02T08:18:05.800000Z</time><speed>26.192</speed><course>102.00</course></trkpt>
<trkpt lat="51.4496579" lon="-2.5142163"><time>2026-03-02T08:18:06Z</time><speed>26.120</speed><course>102.00</course></trkpt>
<trkpt lat="51.4496482" lon="-2.5141428"><time>2026-03-02T08:18:06.200000Z</time><speed>26.048</speed><course>102.00</course></trkpt>
<trkpt lat="51.4496385" lon="-2.5140695"><time>2026-03-02T08:18:06.400000Z</time><speed>25.976</speed><course>102.00</course></trkpt>
<trkpt lat="51.4496288" lon="-2.5139965"><time>2026-03-02T08:18:06.600000Z</time><speed>25.904</speed><course>102.00</course></trkpt>
<trkpt lat="51.4496191" lon="-2.5139236"><time>2026-03-02T08:18:06.800000Z</time><speed>25.832</speed><course>102.00</course></trkpt>
<trkpt lat="51.4496095" lon="-2.5138510"><time>2026-03-02T08:18:07Z</time><speed>25.760</speed><course>102.00</course></trkpt>
<trkpt lat="51.4495999" lon="-2.5137785"><time>2026-03-02T08:18:07.200000Z</time><speed>25.688</speed><course>102.00</course></trkpt>
<trkpt lat="51.4495904" lon="-2.5137063"><time>2026-03-02T08:18:07.400000Z</time><speed>25.616</speed><course>102.00</course></trkpt>
<trkpt lat="51.4495808" lon="-2.5136343"><time>2026-03-02T08:18:07.600000Z</time><speed>25.544</speed><course>102.00</course></trkpt>
<trkpt lat="51.4495713" lon="-2.5135624"><time>2026-03-02T08:18:07.800000Z</time><speed>25.472</speed><course>102.00</course></trkpt>
<trkpt lat="51.4495618" lon="-2.5134908"><time>2026-03-02T08:18:08Z</time><speed>25.400</speed><course>102.00</course></trkpt>
<trkpt lat="51.4495524" lon="-2.5134194"><time>2026-03-02T08:18:08.200000Z</time><speed>25.328</speed><course>102.00</course></trkpt>
<trkpt lat="51.4495429" lon="-2.5133481"><time>2026-03-02T08:18:08.400000Z</time><speed>25.256</speed><course>102.00</course></trkpt>
<trkpt lat="51.4495335" lon="-2.5132771"><time>2026-03-02T08:18:08.600000Z</time><speed>25.184</speed><course>102.00</course></trkpt>
<trkpt lat="51.4495241" lon="-2.5132063"><time>2026-03-02T08:18:08.800000Z</time><speed>25.112</speed><course>102.00</course></trkpt>
<trkpt lat="51.4495148" lon="-2.5131357"><time>2026-03-02T08:18:09Z</time><speed>25.040</speed><course>102.00</course></trkpt>
<trkpt lat="51.4495055" lon="-2.5130653"><time>2026-03-02T08:18:09.200000Z</time><speed>24.968</speed><course>102.00</course></trkpt>
<trkpt lat="51.4494962" lon="-2.5129950"><time>2026-03-02T08:18:09.400000Z</time><speed>24.896</speed><course>102.00</course></trkpt>
<trkpt lat="51.4494869" lon="-2.5129250"><time>2026-03-02T08:18:09.600000Z</time><speed>24.824</speed><course>102.00</course></trkpt>
<trkpt lat="51.4494776" lon="-2.5128552"><time>2026-03-02T08:18:09.800000Z</time><speed>24.752</speed><course>102.00</course></trkpt>
<trkpt lat="51.4494684" lon="-2.5127856"><time>2026-03-02T08:18:10Z</time><speed>24.680</speed><course>102.00</course></trkpt>
<trkpt lat="51.4494592" lon="-2.5127162"><time>2026-03-02T08:18:10.200000Z</time><speed>24.608</speed><course>102.00</course></trkpt>
<trkpt lat="51.4494501" lon="-2.5126470"><time>2026-03-02T08:18:10.400000Z</time><speed>24.536</speed><course>102.00</course></trkpt>
<trkpt lat="51.4494409" lon="-2.5125780"><time>2026-03-02T08:18:10.600000Z</time><speed>24.464</speed><course>102.00</course></trkpt>
<trkpt lat="51.4494318" lon="-2.5125093"><time>2026-03-02T08:18:10.800000Z</time><speed>24.392</speed><course>102.00</course></trkpt>
<trkpt lat="51.4494227" lon="-2.5124407"><time>2026-03-02T08:18:11Z</time><speed>24.320</speed><course>102.00</course></trkpt>
<trkpt lat="51.4494137" lon="-2.5123723"><time>2026-03-02T08:18:11.200000Z</time><speed>24.248</speed><course>102.00</course></trkpt>
<trkpt lat="51.4494046" lon="-2.5123041"><time>2026-03-02T08:18:11.400000Z</time><speed>24.176</speed><course>102.00</course></trkpt>
<trkpt lat="51.4493956" lon="-2.5122361"><time>2026-03-02T08:18:11.600000Z</time><speed>24.104</speed><course>102.00</course></trkpt>
<trkpt lat="51.4493867" lon="-2.5121683"><time>2026-03-02T08:18:11.800000Z</time><speed>24.032</speed><course>102.00</course></trkpt>
<trkpt lat="51.4493777" lon="-2.5121008"><time>2026-03-02T08:18:12Z</time><speed>23.960</speed><course>102.00</course></trkpt>
<trkpt lat="51.4493688" lon="-2.5120334"><time>2026-03-02T08:18:12.200000Z</time><speed>23.888</speed><course>102.00</course></trkpt>
<trkpt lat="51.4493599" lon="-2.5119662"><time>2026-03-02T08:18:12.400000Z</time><speed>23.816</speed><course>102.00</course></trkpt>
<trkpt lat="51.4493510" lon="-2.5118993"><time>2026-03-02T08:18:12.600000Z</time><speed>23.744</speed><course>102.00</course></trkpt>
<trkpt lat="51.4493422" lon="-2.5118325"><time>2026-03-02T08:18:12.800000Z</time><speed>23.672</speed><course>102.00</course></trkpt>
<trkpt lat="51.4493334" lon="-2.5117660"><time>2026-03-02T08:18:13Z</time><speed>23.600</speed><course>102.00</course></trkpt>
<trkpt lat="51.4493246" lon="-2.5116996"><time>2026-03-02T08:18:13.200000Z</time><speed>23.528</speed><course>102.00</course></trkpt>
<trkpt lat="51.4493158" lon="-2.5116335"><time>2026-03-02T08:18:13.400000Z</time><speed>23.456</speed><course>102.00</course></trkpt>
<trkpt lat="51.4493071" lon="-2.5115675"><time>2026-03-02T08:18:13.600000Z</time><speed>23.384</speed><course>102.00</course></trkpt>
<trkpt lat="51.4492984" lon="-2.5115018"><time>2026-03-02T08:18:13.800000Z</time><speed>23.312</speed><course>102.00</course></trkpt>
<trkpt lat="51.4492897" lon="-2.5114362"><time>2026-03-02T08:18:14Z</time><speed>23.240</speed><course>102.00</course></trkpt>
<trkpt lat="51.4492810" lon="-2.5113709"><time>2026-03-02T08:18:14.200000Z</time><speed>23.168</speed><course>102.00</course></trkpt>
<trkpt lat="51.4492724" lon="-2.5113058"><time>2026-03-02T08:18:14.400000Z</time><speed>23.096</speed><course>102.00</course></trkpt>
<trkpt lat="51.4492638" lon="-2.5112408"><time>2026-03-02T08:18:14.600000Z</time><speed>23.024</speed><course>102.00</course></trkpt>
<trkpt lat="51.4492552" lon="-2.5111761"><time>2026-03-02T08:18:14.800000Z</time><speed>22.952</speed><course>102.00</course></trkpt>
<trkpt lat="51.4492467" lon="-2.5111116"><time>2026-03-02T08:18:15Z</time><speed>22.880</speed><course>102.00</course></trkpt>
<trkpt lat="51.4492382" lon="-2.5110472"><time>2026-03-02T08:18:15.200000Z</time><speed>22.808</speed><course>102.00</course></trkpt>
<trkpt lat="51.4492297" lon="-2.5109831"><time>2026-03-02T08:18:15.400000Z</time><speed>22.736</speed><course>102.00</course></trkpt>
<trkpt lat="51.4492212" lon="-2.5109192"><time>2026-03-02T08:18:15.600000Z</time><speed>22.664</speed><course>102.00</course></trkpt>
<trkpt lat="51.4492128" lon="-2.5108555"><time>2026-03-02T08:18:15.800000Z</time><speed>22.592</speed><course>102.00</course></trkpt>
<trkpt lat="51.4492044" lon="-2.5107920"><time>2026-03-02T08:18:16Z</time><speed>22.520</speed><course>102.00</course></trkpt>
<trkpt lat="51.4491960" lon="-2.5107287"><time>2026-03-02T08:18:16.200000Z</time><speed>22.448</speed><course>102.00</course></trkpt>
<trkpt lat="51.4491876" lon="-2.5106656"><time>2026-03-02T08:18:16.400000Z</time><speed>22.376</speed><course>102.00</course></trkpt>
<trkpt lat="51.4491793" lon="-2.5106027"><time>2026-03-02T08:18:16.600000Z</time><speed>22.304</speed><course>102.00</course></trkpt>
<trkpt lat="51.4491710" lon="-2.5105400"><time>2026-03-02T08:18:16.800000Z</time><speed>22.232</speed><course>102.00</course></trkpt>
<trkpt lat="51.4491627" lon="-2.5104775"><time>2026-03-02T08:18:17Z</time><speed>22.160</speed><course>102.00</course></trkpt>
<trkpt lat="51.4491544" lon="-2.5104152"><time>2026-03-02T08:18:17.200000Z</time><speed>22.088</speed><course>102.00</course></trkpt>
<trkpt lat="51.4491462" lon="-2.5103531"><time>2026-03-02T08:18:17.400000Z</time><speed>22.016</speed><course>102.00</course></trkpt>
<trkpt lat="51.4491380" lon="-2.5102912"><time>2026-03-02T08:18:17.600000Z</time><speed>21.944</speed><course>102.00</course></trkpt>
<trkpt lat="51.4491299" lon="-2.5102295"><time>2026-03-02T08:18:17.800000Z</time><speed>21.872</speed><course>102.00</course></trkpt>
<trkpt lat="51.4491217" lon="-2.5101680"><time>2026-03-02T08:18:18Z</time><speed>21.800</speed><course>102.00</course></trkpt>
<trkpt lat="51.4491136" lon="-2.5101068"><time>2026-03-02T08:18:18.200000Z</time><speed>21.728</speed><course>102.00</course></trkpt>
<trkpt lat="51.4491055" lon="-2.5100457"><time>2026-03-02T08:18:18.400000Z</time><speed>21.656</speed><course>102.00</course></trkpt>
<trkpt lat="51.4490974" lon="-2.5099848"><time>2026-03-02T08:18:18.600000Z</time><speed>21.584</speed><course>102.00</course></trkpt>
<trkpt lat="51.4490894" lon="-2.5099242"><time>2026-03-02T08:18:18.800000Z</time><speed>21.512</speed><course>102.00</course></trkpt>
<trkpt lat="51.4490814" lon="-2.5098637"><time>2026-03-02T08:18:19Z</time><speed>21.440</speed><course>102.00</course></trkpt>
<trkpt lat="51.4490734" lon="-2.5098034"><time>2026-03-02T08:18:19.200000Z</time><speed>21.368</speed><course>102.00</course></trkpt>
<trkpt lat="51.4490655" lon="-2.5097434"><time>2026-03-02T08:18:19.400000Z</time><speed>21.296</speed><course>102.00</course></trkpt>
<trkpt lat="51.4490575" lon="-2.5096835"><time>2026-03-02T08:18:19.600000Z</time><speed>21.224</speed><course>102.00</course></trkpt>
<trkpt lat="51.4490496" lon="-2.5096239"><time>2026-03-02T08:18:19.800000Z</time><speed>21.152</speed><course>102.00</course></trkpt>
<trkpt lat="51.4490418" lon="-2.5095644"><time>2026-03-02T08:18:20Z</time><speed>21.080</speed><course>102.00</course></trkpt>
<trkpt lat="51.4490339" lon="-2.5095052"><time>2026-03-02T08:18:20.200000Z</time><speed>21.008</speed><course>102.00</course></trkpt>
<trkpt lat="51.4490261" lon="-2.5094461"><time>2026-03-02T08:18:20.400000Z</time><speed>20.936</speed><course>102.00</course></trkpt>
<trkpt lat="51.4490183" lon="-2.5093873"><time>2026-03-02T08:18:20.600000Z</time><speed>20.864</speed><course>102.00</course></trkpt>
<trkpt lat="51.4490105" lon="-2.5093286"><time>2026-03-02T08:18:20.800000Z</time><speed>20.792</speed><course>102.00</course></trkpt>
<trkpt lat="51.4490028" lon="-2.5092702"><time>2026-03-02T08:18:21Z</time><speed>20.720</speed><course>102.00</course></trkpt>
<trkpt lat="51.4489951" lon="-2.5092120"><time>2026-03-02T08:18:21.200000Z</time><speed>20.648</speed><course>102.00</course></trkpt>
<trkpt lat="51.4489874" lon="-2.5091539"><time>2026-03-02T08:18:21.400000Z</time><speed>20.576</speed><course>102.00</course></trkpt>
<trkpt lat="51.4489797" lon="-2.5090961"><time>2026-03-02T08:18:21.600000Z</time><speed>20.504</speed><course>102.00</course></trkpt>
<trkpt lat="51.4489721" lon="-2.5090385"><time>2026-03-02T08:18:21.800000Z</time><speed>20.432</speed><course>102.00</course></trkpt>
<trkpt lat="51.4489645" lon="-2.5089811"><time>2026-03-02T08:18:22Z</time><speed>20.360</speed><course>102.00</course></trkpt>
<trkpt lat="51.4489569" lon="-2.5089239"><time>2026-03-02T08:18:22.200000Z</time><speed>20.288</speed><course>102.00</course></trkpt>
<trkpt lat="51.4489494" lon="-2.5088669"><time>2026-03-02T08:18:22.400000Z</time><speed>20.216</speed><course>102.00</course></trkpt>
<trkpt lat="51.4489418" lon="-2.5088100"><time>2026-03-02T08:18:22.600000Z</time><speed>20.144</speed><course>102.00</course></trkpt>
<trkpt lat="51.4489343" lon="-2.5087534"><time>2026-03-02T08:18:22.800000Z</time><speed>20.072</speed><course>102.00</course></trkpt>
</trkseg></trk></gpx>